State,Location,Latitude,Longitude
Andaman and Nicobar Islands,Bamboo Flat,11.7,92.71667
Andaman and Nicobar Islands,Nicobar,7.03002,93.79028
Andaman and Nicobar Islands,Port Blair,11.66613,92.74635
Andaman and Nicobar Islands,South Andaman,10.75776,92.52136
Andhra Pradesh,Addanki,15.81061,79.97338
Andhra Pradesh,Adoni,15.62788,77.27495
Andhra Pradesh,Akasahebpet,17.50455,82.56597
Andhra Pradesh,Akividu,16.58225,81.38112
Andhra Pradesh,Akkarampalle,13.65,79.42
Andhra Pradesh,Amalapuram,16.57868,82.00609
Andhra Pradesh,Amudalavalasa,18.41025,83.90295
Andhra Pradesh,Anakapalle,17.69134,83.00395
Andhra Pradesh,Anantapur,14.55,77.41667
Andhra Pradesh,Atmakur,15.88109,78.58704
Andhra Pradesh,Attili,16.7,81.6
Andhra Pradesh,Avanigadda,16.02148,80.91808
Andhra Pradesh,Badvel,14.7451,79.06288
Andhra Pradesh,Banganapalle,15.31771,78.22669
Andhra Pradesh,Bapatla,15.90422,80.46743
Andhra Pradesh,Betamcherla,15.45144,78.14797
Andhra Pradesh,Bhattiprolu,16.1026,80.78074
Andhra Pradesh,Bhimavaram,16.54078,81.52322
Andhra Pradesh,Bhimunipatnam,17.89017,83.45203
Andhra Pradesh,Bobbili,18.57366,83.35925
Andhra Pradesh,Challapalle,16.11756,80.93139
Andhra Pradesh,Chemmumiahpet,15.89794,79.32129
Andhra Pradesh,Chilakalurupet,16.08987,80.16705
Andhra Pradesh,Chinnachowk,14.47516,78.8354
Andhra Pradesh,Chipurupalle,18.31142,83.56846
Andhra Pradesh,Chirala,15.82385,80.35219
Andhra Pradesh,Chittoor,13.41667,79.0
Andhra Pradesh,Chodavaram,17.82884,82.93526
Andhra Pradesh,Cuddapah,14.41667,78.75
Andhra Pradesh,Cumbum,15.58171,79.11059
Andhra Pradesh,Darsi,15.76978,79.67939
Andhra Pradesh,Dharmavaram,14.41435,77.72035
Andhra Pradesh,Dhone,15.3952,77.8715
Andhra Pradesh,Diguvametta,15.39507,78.8293
Andhra Pradesh,East Godavari,17.83333,81.83333
Andhra Pradesh,Elamanchili,17.54907,82.85749
Andhra Pradesh,Ellore,16.71311,81.10437
Andhra Pradesh,Emmiganur,15.77203,77.48345
Andhra Pradesh,Erraguntla,14.63853,78.53974
Andhra Pradesh,Etikoppaka,17.5,82.73333
Andhra Pradesh,Gajuwaka,17.7,83.21667
Andhra Pradesh,Ganguvada,18.66667,84.11667
Andhra Pradesh,Gannavaram,16.54092,80.80213
Andhra Pradesh,Giddalur,15.37439,78.92609
Andhra Pradesh,Gokavaram,17.25823,81.84985
Andhra Pradesh,Gorantla,13.98411,77.77224
Andhra Pradesh,"Govindapuram,Chilakaluripet,Guntur",16.15477,80.10279
Andhra Pradesh,Gudivada,16.43547,80.99555
Andhra Pradesh,Gudlavalleru,16.35,81.05
Andhra Pradesh,Gudur,14.15093,79.8521
Andhra Pradesh,Guntakal Junction,15.17112,77.36244
Andhra Pradesh,Guntur,16.29974,80.45729
Andhra Pradesh,Hindupur,13.82807,77.49143
Andhra Pradesh,Ichchapuram,19.11393,84.68721
Andhra Pradesh,Jaggayyapeta,16.8938,80.09807
Andhra Pradesh,Jammalamadugu,14.84677,78.38314
Andhra Pradesh,Kadiri,14.11168,78.15982
Andhra Pradesh,Kaikalur,16.55154,81.214
Andhra Pradesh,Kakinada,16.96036,82.23809
Andhra Pradesh,Kalyandurg,14.54519,77.10552
Andhra Pradesh,Kamalapuram,14.5983,78.66948
Andhra Pradesh,Kandukur,15.21542,79.9039
Andhra Pradesh,Kanigiri,15.40555,79.50694
Andhra Pradesh,Kankipadu,16.4353,80.76715
Andhra Pradesh,Kanuru,16.28584,81.25464
Andhra Pradesh,Kavali,14.9163,79.99449
Andhra Pradesh,Kolanukonda,16.45392,80.61046
Andhra Pradesh,Kondapalle,16.61989,80.54244
Andhra Pradesh,Korukollu,16.5,81.25
Andhra Pradesh,Kosigi,15.8551,77.24463
Andhra Pradesh,Kovvur,17.0162,81.72934
Andhra Pradesh,Krishna,16.66667,81.0
Andhra Pradesh,Kuppam,12.74931,78.34189
Andhra Pradesh,Kurnool,15.58333,78.33333
Andhra Pradesh,Macherla,16.47635,79.43533
Andhra Pradesh,Machilipatnam,16.18747,81.13888
Andhra Pradesh,Madanapalle,13.5503,78.50288
Andhra Pradesh,Madugula,17.91589,82.81578
Andhra Pradesh,Mandapeta,16.86254,81.92921
Andhra Pradesh,Mandasa,18.8683,84.46296
Andhra Pradesh,Mangalagiri,16.43083,80.56815
Andhra Pradesh,Markapur,15.73534,79.26848
Andhra Pradesh,Nagari,13.32139,79.58557
Andhra Pradesh,Nagireddipalli,14.27005,79.10131
Andhra Pradesh,Nandigama,16.7717,80.28596
Andhra Pradesh,Nandikotkur,15.85668,78.26569
Andhra Pradesh,Nandyal,15.47799,78.4836
Andhra Pradesh,Narasannapeta,18.41428,84.04463
Andhra Pradesh,Narasapur,16.43425,81.69845
Andhra Pradesh,Narasaraopet,16.23488,80.04927
Andhra Pradesh,Narasingapuram,13.60759,79.31652
Andhra Pradesh,Narayanavanam,13.42565,79.58881
Andhra Pradesh,Narsipatnam,17.66709,82.61245
Andhra Pradesh,Nayudupet,13.90742,79.89465
Andhra Pradesh,Nellore,14.08333,79.58333
Andhra Pradesh,Nidadavole,16.90572,81.67222
Andhra Pradesh,Nuzvid,16.78854,80.84593
Andhra Pradesh,Ongole,15.50357,80.04454
Andhra Pradesh,Pakala,13.44903,79.11493
Andhra Pradesh,Palakollu,16.5167,81.73
Andhra Pradesh,Palasa,18.77257,84.41012
Andhra Pradesh,Palkonda,18.60374,83.75568
Andhra Pradesh,Pallevada,16.5779,81.29463
Andhra Pradesh,Palmaner,13.2,78.74725
Andhra Pradesh,Parlakimidi,18.78113,84.08836
Andhra Pradesh,Parvatipuram,18.78392,83.42569
Andhra Pradesh,Pavuluru,15.85292,80.16468
Andhra Pradesh,Pedana,16.25582,81.14378
Andhra Pradesh,pedda nakkalapalem,15.8668,80.16202
Andhra Pradesh,Peddapuram,17.07701,82.13836
Andhra Pradesh,Penugonda,16.65363,81.7455
Andhra Pradesh,Penukonda,14.08286,77.59473
Andhra Pradesh,Phirangipuram,16.29078,80.26233
Andhra Pradesh,Pippara,16.71667,81.55
Andhra Pradesh,Pithapuram,17.1168,82.25284
Andhra Pradesh,Polavaram,17.24754,81.64372
Andhra Pradesh,Ponnur,16.07114,80.54944
Andhra Pradesh,Ponnuru,16.06547,80.55203
Andhra Pradesh,Prakasam,15.5,79.5
Andhra Pradesh,Proddatur,14.7502,78.54813
Andhra Pradesh,Pulivendla,14.42139,78.22502
Andhra Pradesh,Punganuru,13.36672,78.57186
Andhra Pradesh,Puttaparthi,14.1652,77.8117
Andhra Pradesh,Puttur,13.44189,79.55314
Andhra Pradesh,Rajahmundry,17.00517,81.77784
Andhra Pradesh,Ramachandrapuram,16.83636,82.02871
Andhra Pradesh,Ramanayyapeta,16.94516,82.2385
Andhra Pradesh,Ramapuram,15.28749,77.86722
Andhra Pradesh,Rampachodavaram,17.44088,81.77558
Andhra Pradesh,Rayachoti,14.05723,78.75056
Andhra Pradesh,Rayadrug,14.69971,76.85241
Andhra Pradesh,Razam,18.44909,83.65957
Andhra Pradesh,Razampeta,14.19544,79.15896
Andhra Pradesh,Razole,16.47608,81.83912
Andhra Pradesh,Renigunta,13.65143,79.51256
Andhra Pradesh,Repalle,16.0184,80.82958
Andhra Pradesh,Salur,18.51716,83.20548
Andhra Pradesh,Samalkot,17.05675,82.17639
Andhra Pradesh,Sattenapalle,16.39381,80.15221
Andhra Pradesh,Singarayakonda,15.23046,80.02794
Andhra Pradesh,Sompeta,18.94419,84.58449
Andhra Pradesh,Srikakulam,18.2989,83.89751
Andhra Pradesh,Srisailain,16.07217,78.86816
Andhra Pradesh,Suluru,13.7,80.01667
Andhra Pradesh,Tadepalle,16.48333,80.6
Andhra Pradesh,Tadepallegudem,16.81467,81.52717
Andhra Pradesh,Tadpatri,14.90832,78.01031
Andhra Pradesh,Tanuku,16.75438,81.68143
Andhra Pradesh,Tekkali,18.6057,84.23546
Andhra Pradesh,Tirumala,13.68333,79.35
Andhra Pradesh,Tirupati,13.63551,79.41989
Andhra Pradesh,Tuni,17.35905,82.54607
Andhra Pradesh,Uravakonda,14.94348,77.25494
Andhra Pradesh,vadlamuru,17.09545,82.16565
Andhra Pradesh,Vadlapudi,14.31119,79.8043
Andhra Pradesh,Venkatagiri,13.96005,79.58032
Andhra Pradesh,Vepagunta,17.77844,83.21577
Andhra Pradesh,Vetapalem,15.78502,80.30663
Andhra Pradesh,Vijayawada,16.50745,80.6466
Andhra Pradesh,Vinukonda,16.0531,79.73964
Andhra Pradesh,Visakhapatnam,17.68009,83.20161
Andhra Pradesh,Vizianagaram,18.11692,83.41148
Andhra Pradesh,Vizianagaram District,18.41102,83.37677
Andhra Pradesh,Vuyyuru,16.36307,80.84406
Andhra Pradesh,West Godavari,17.0,81.16667
Andhra Pradesh,Yanam,16.73308,82.21364
Andhra Pradesh,Yanamalakuduru,16.48531,80.66746
Andhra Pradesh,Yarada,17.65872,83.27419
Arunachal Pradesh,Along,28.16951,94.8006
Arunachal Pradesh,Anjaw,28.06549,96.82878
Arunachal Pradesh,Basar,27.99008,94.69451
Arunachal Pradesh,Bomdila,27.26475,92.42472
Arunachal Pradesh,Changlang,27.36265,96.34518
Arunachal Pradesh,Dibang Valley,28.7,95.7
Arunachal Pradesh,East Kameng,27.3,93.05
Arunachal Pradesh,East Siang,28.12379,95.16339
Arunachal Pradesh,Hayuliang,28.07301,96.54305
Arunachal Pradesh,Itanagar,27.08694,93.60987
Arunachal Pradesh,Khonsa,27.01667,95.56667
Arunachal Pradesh,Kurung Kumey,27.99983,93.3924
Arunachal Pradesh,Lohit District,27.84012,96.19521
Arunachal Pradesh,Lower Dibang Valley,28.37258,95.8804
Arunachal Pradesh,Lower Subansiri,27.62554,93.93908
Arunachal Pradesh,Margherita,27.28482,95.66796
Arunachal Pradesh,Naharlagun,27.10467,93.69518
Arunachal Pradesh,Pasighat,28.06631,95.32678
Arunachal Pradesh,Tawang,27.57417,91.92437
Arunachal Pradesh,Tezu,27.91256,96.12882
Arunachal Pradesh,Tirap,27.01917,95.51788
Arunachal Pradesh,Upper Siang,28.83355,94.91806
Arunachal Pradesh,Upper Subansiri,28.3,94.0
Arunachal Pradesh,West Kameng,27.4,92.35
Arunachal Pradesh,West Siang,28.4,94.55
Arunachal Pradesh,Ziro,27.59497,93.83854
Assam,Abhayapuri,26.32255,90.68526
Assam,Amguri,26.81482,94.52614
Assam,Badarpur,24.86852,92.59606
Assam,Baksa,26.69804,91.15142
Assam,Barpathar,26.28709,93.88844
Assam,Barpeta,26.47104,91.0308
Assam,Barpeta Road,26.50284,90.96937
Assam,Basugaon,26.46742,90.41951
Assam,Bihpuriagaon,27.01718,93.91673
Assam,Bijni,26.49588,90.70298
Assam,Bilasipara,26.23285,90.2341
Assam,Bokajan,26.02131,93.77945
Assam,Bokakhat,26.64018,93.60052
Assam,Bongaigaon,26.4603,90.6464
Assam,Cachar,24.78213,92.85771
Assam,Chabua,27.48253,95.17451
Assam,Chapar,26.27266,90.44556
Assam,Chirang,26.52527,90.49066
Assam,Darrang,26.51195,92.16843
Assam,Dergaon,26.7,93.96667
Assam,Dhekiajuli,26.70367,92.47808
Assam,Dhemaji,27.6091,94.7942
Assam,Dhing,26.46793,92.47336
Assam,Dhubri,26.06749,90.02238
Assam,Dibrugarh,27.5,95.0
Assam,Digboi,27.39321,95.61839
Assam,Dima Hasao District,25.5,93.0
Assam,Diphu,25.84341,93.43116
Assam,Dispur,26.13564,91.80069
Assam,Duliagaon,27.37227,95.30754
Assam,Dum Duma,27.56884,95.55664
Assam,Gauripur,26.08334,89.96118
Assam,Goalpara,26.12791,90.60974
Assam,Gohpur,26.88184,93.6156
Assam,Golaghat,26.4092,93.91193
Assam,Golakganj,26.10216,89.82275
Assam,Goshaingaon,26.43946,89.96307
Assam,Guwahati,26.1844,91.7458
Assam,Haflong,25.16478,93.01744
Assam,Hailakandi,24.5017,92.60069
Assam,Hajo,26.2452,91.52525
Assam,Hojai,26.00281,92.85605
Assam,Howli,26.42237,90.98004
Assam,Jogighopa,26.22646,90.57247
Assam,Jorhat,26.8,94.26
Assam,Kamrup,26.22322,91.65344
Assam,Kamrup Metropolitan,26.05375,92.00763
Assam,Karbi Anglong,26.0,93.5
Assam,Karimganj,24.6,92.4
Assam,Kharupatia,26.51839,92.14722
Assam,Kokrajhar,26.6,90.2
Assam,Lakhimpur,27.35,94.25
Assam,Lakhipur,24.79281,93.0091
Assam,Lala,24.55418,92.61592
Assam,Lumding Railway Colony,25.74903,93.16998
Assam,Mahur,25.18305,93.11342
Assam,Maibong,25.30125,93.13811
Assam,Makum,27.48652,95.43646
Assam,Mangaldai,26.44212,92.03047
Assam,Mariani,26.65725,94.31529
Assam,Moranha,27.18735,94.91557
Assam,Morigaon,26.25213,92.34238
Assam,Nagaon,26.35037,92.69225
Assam,Nahorkatiya,27.28912,95.3418
Assam,Nalbari,26.5,91.4
Assam,Namrup,27.19395,95.31929
Assam,Nazira,26.91649,94.73611
Assam,North Guwahati,26.19749,91.7202
Assam,North Lakhimpur,27.23517,94.10357
Assam,Numaligarh,26.62249,93.72225
Assam,Palasbari,26.12388,91.53974
Assam,Raha,26.23333,92.51667
Assam,Rangapara,26.83772,92.66876
Assam,Rangia,26.44931,91.61356
Assam,Sapatgram,26.33732,90.1236
Assam,Sarupathar,26.206,96.81
Assam,Sibsagar,26.98427,94.63784
Assam,Silapathar,27.59441,94.72402
Assam,Silchar,24.82733,92.79787
Assam,Soalkuchi,26.16806,91.57111
Assam,Sonari,27.02462,95.01629
Assam,Sonitpur,26.76748,92.96425
Assam,Sorbhog,26.48612,90.8859
Assam,Tezpur,26.63333,92.8
Assam,Tinsukia,27.6,95.6
Assam,Titabar,26.6014,94.20386
Assam,Udalguri,26.75367,92.10215
Bihar,Amarpur,25.03967,86.90247
Bihar,Araria,26.2,87.4
Bihar,Arrah,25.55629,84.66335
Bihar,Arwal,25.16158,84.6904
Bihar,Asarganj,25.15046,86.68639
Bihar,Aurangabad,24.75204,84.3742
Bihar,Bagaha,27.09918,84.09003
Bihar,Bahadurganj,26.26172,87.82443
Bihar,Bairagnia,26.74063,85.27323
Bihar,Baisi,25.86302,87.74487
Bihar,Bakhtiyarpur,25.46179,85.53179
Bihar,Bangaon,25.86728,86.51152
Bihar,Banka,24.89214,86.98425
Bihar,Banmankhi,25.88857,87.19421
Bihar,Bar Bigha,25.21855,85.7332
Bihar,Barauli,26.38109,84.58648
Bihar,Barh,25.48339,85.70928
Bihar,Barhiya,25.28814,86.02055
Bihar,Bariarpur,25.28791,86.57643
Bihar,Baruni,25.47509,85.96813
Bihar,Begusarai,25.41853,86.13389
Bihar,Belsand,26.44365,85.40076
Bihar,Bettiah,26.80229,84.50311
Bihar,Bhabhua,25.04049,83.60749
Bihar,Bhagalpur,25.29023,87.06665
Bihar,Bhagirathpur,26.2695,86.06346
Bihar,Bhawanipur,26.45352,87.02744
Bihar,Bhojpur,25.30886,84.44504
Bihar,Bihar Sharif,25.20084,85.52389
Bihar,Bihariganj,25.73415,86.98837
Bihar,Bikramganj,25.21073,84.25508
Bihar,Birpur,26.50823,87.01194
Bihar,Buddh Gaya,24.69808,84.9869
Bihar,Buxar,25.5,84.1
Bihar,Chakia,26.41598,85.04665
Bihar,Chapra,25.78031,84.74709
Bihar,Chhatapur,26.21965,87.00479
Bihar,Colgong,25.26328,87.23264
Bihar,Dalsingh Sarai,25.66795,85.83636
Bihar,Darbhanga,26.0,86.0
Bihar,Daudnagar,25.03473,84.40095
Bihar,Dehri,24.90247,84.18217
Bihar,Dhaka,26.67479,85.16698
Bihar,Dighwara,25.74434,85.01003
Bihar,Dinapore,25.63705,85.04794
Bihar,Dumra,26.56708,85.5204
Bihar,Dumraon,25.55265,84.15149
Bihar,Fatwa,25.50958,85.30504
Bihar,Forbesganj,26.30253,87.26556
Bihar,Gaya,24.79686,85.00385
Bihar,Ghoga,25.21738,87.1571
Bihar,Gopalganj,26.5,84.33333
Bihar,Hajipur,25.68544,85.20981
Bihar,Hilsa,25.31642,85.28234
Bihar,Hisua,24.8336,85.41729
Bihar,Islampur,25.14075,85.20587
Bihar,Jagdispur,25.46811,84.41939
Bihar,Jahanabad,25.21368,84.9871
Bihar,Jamalpur,25.31258,86.48888
Bihar,Jamui,24.92082,86.17538
Bihar,Jaynagar,26.59048,86.13791
Bihar,Jehanabad,25.20701,84.99573
Bihar,Jha-Jha,24.77107,86.37888
Bihar,Jhanjharpur,26.26467,86.27993
Bihar,Jogbani,26.39905,87.26525
Bihar,Kaimur District,25.05077,83.58261
Bihar,Kasba,25.85643,87.53836
Bihar,Katihar,25.5,87.6
Bihar,Khagaria,25.5022,86.46708
Bihar,Khagaul,25.57898,85.04564
Bihar,Kharagpur,25.12446,86.55578
Bihar,Khusropur,25.48174,85.38492
Bihar,Kishanganj,26.3,88.0
Bihar,Koath,25.32643,84.25983
Bihar,Koelwar,25.58055,84.79751
Bihar,Lakhisarai,25.2,86.2
Bihar,Lalganj,25.86894,85.17394
Bihar,Luckeesarai,25.1765,86.0947
Bihar,Madhepura,25.8,87.0
Bihar,Madhipura,25.92127,86.79271
Bihar,Madhubani,26.35367,86.07169
Bihar,Maharajgani,26.11017,84.50365
Bihar,Mairwa,26.23218,84.16349
Bihar,Maner,25.64602,84.87291
Bihar,Manihari,25.33891,87.61998
Bihar,Marhaura,25.97349,84.86796
Bihar,Masaurhi Buzurg,25.35417,85.03195
Bihar,Mohiuddinnagar,25.57374,85.66944
Bihar,Mokameh,25.39662,85.9219
Bihar,Monghyr,25.37459,86.47455
Bihar,Mothihari,26.64862,84.91656
Bihar,Munger,25.36099,86.46515
Bihar,Murliganj,25.8969,86.99577
Bihar,Muzaffarpur,26.16667,85.41667
Bihar,Nabinagar,24.60681,84.12624
Bihar,Nalanda,25.25,85.58333
Bihar,Nasriganj,25.0514,84.32839
Bihar,Naugachhia,25.38807,87.09906
Bihar,Nawada,24.75,85.5
Bihar,Nirmali,26.31397,86.58537
Bihar,Pashchim Champaran,27.0,84.5
Bihar,Patna,25.41667,85.16667
Bihar,Piro,25.33218,84.40454
Bihar,Pupri,26.47079,85.70311
Bihar,Purba Champaran,26.58333,84.83333
Bihar,Purnia,25.81614,87.40708
Bihar,Rafiganj,24.81757,84.63445
Bihar,Raghunathpur,25.64492,87.91762
Bihar,Rajgir,25.02828,85.42079
Bihar,Ramnagar,27.16371,84.32342
Bihar,Raxaul,26.97982,84.85065
Bihar,Revelganj,25.78976,84.63596
Bihar,Rohtas,24.97941,84.02774
Bihar,Rusera,25.75355,86.02597
Bihar,Sagauli,26.7639,84.74341
Bihar,Saharsa,25.87498,86.59611
Bihar,Samastipur,25.75,85.91667
Bihar,Saran,25.91667,84.75
Bihar,Shahbazpur,26.30511,87.28865
Bihar,Shahpur,25.60293,84.40412
Bihar,Sheikhpura,25.13073,85.78176
Bihar,Sheohar,26.5,85.3
Bihar,Sherghati,24.5595,84.79162
Bihar,Silao,25.08358,85.42804
Bihar,Sitamarhi,26.66667,85.5
Bihar,Siwan,26.22096,84.35609
Bihar,Supaul,26.25,86.8
Bihar,Teghra,25.49043,85.94001
Bihar,Tekari,24.94253,84.84265
Bihar,Thakurganj,26.42742,88.13112
Bihar,Vaishali,25.75,85.41667
Bihar,Waris Aliganj,25.0172,85.64047
Chhattisgarh,Akaltara,22.02463,82.42641
Chhattisgarh,Ambagarh Chauki,20.77644,80.74608
Chhattisgarh,Ambikapur,23.11892,83.19537
Chhattisgarh,Arang,21.19639,81.96912
Chhattisgarh,Baikunthpur,23.26206,82.56051
Chhattisgarh,Balod,20.73081,81.20578
Chhattisgarh,Baloda,22.1389,82.48171
Chhattisgarh,Baloda Bazar,21.65678,82.16062
Chhattisgarh,Basna,21.27885,82.8267
Chhattisgarh,Bastar,19.26794,81.73828
Chhattisgarh,Bemetara,21.71556,81.53423
Chhattisgarh,Bhanpuri,21.0919,80.93218
Chhattisgarh,Bhatapara,21.735,81.94711
Chhattisgarh,Bhatgaon,21.15,81.7
Chhattisgarh,Bhilai,21.20919,81.4285
Chhattisgarh,Bijapur,18.84322,80.7761
Chhattisgarh,Bilaspur,22.38333,82.13333
Chhattisgarh,Champa,22.03532,82.64234
Chhattisgarh,Chhuikhadan,21.52316,80.99788
Chhattisgarh,Deori,21.45,82.61667
Chhattisgarh,Dhamtari,20.70718,81.54874
Chhattisgarh,Dongargaon,20.97172,80.85077
Chhattisgarh,Dongargarh,21.18893,80.75459
Chhattisgarh,Durg,21.15,81.4
Chhattisgarh,Gandai,21.66667,81.10013
Chhattisgarh,Gariaband,20.63323,82.06221
Chhattisgarh,Gaurela,22.75449,81.90107
Chhattisgarh,Gharghoda,22.17427,83.3517
Chhattisgarh,Gidam,18.97431,81.39894
Chhattisgarh,Jagdalpur,19.08136,82.02131
Chhattisgarh,Janjgir,22.00922,82.5778
Chhattisgarh,Janjgir-Champa,21.9,82.7
Chhattisgarh,Jashpur,22.78495,83.84573
Chhattisgarh,Jashpurnagar,22.88783,84.13864
Chhattisgarh,Junagarh,19.85993,82.93385
Chhattisgarh,Kabeerdham,22.1,81.2
Chhattisgarh,Kanker,20.27193,81.49177
Chhattisgarh,Katghora,22.50247,82.54279
Chhattisgarh,Kawardha,22.00853,81.23148
Chhattisgarh,Khairagarh,21.41859,80.97942
Chhattisgarh,Khamharia,20.976,82.25116
Chhattisgarh,Kharod,21.7442,82.5788
Chhattisgarh,Kharsia,21.98953,83.10476
Chhattisgarh,Kirandul,18.63649,81.25827
Chhattisgarh,Kondagaon,19.59083,81.664
Chhattisgarh,Korba,22.5,82.6
Chhattisgarh,Koriya,23.48326,82.15037
Chhattisgarh,Kota,22.29507,82.02366
Chhattisgarh,Kotaparh,19.14256,82.32536
Chhattisgarh,Kumhari,21.26667,81.51667
Chhattisgarh,Kurud,20.83073,81.72212
Chhattisgarh,Lormi,22.27434,81.70181
Chhattisgarh,Mahasamund,21.2,82.5
Chhattisgarh,Mungeli,22.06566,81.68543
Chhattisgarh,Narayanpur,19.60426,81.08119
Chhattisgarh,Narharpur,20.44892,81.62004
Chhattisgarh,Pandaria,22.22495,81.40994
Chhattisgarh,Pandatarai,22.18714,81.32815
Chhattisgarh,Pasan,22.84412,82.19823
Chhattisgarh,Patan,21.03333,81.53333
Chhattisgarh,Pathalgaon,22.55656,83.46355
Chhattisgarh,Pendra,22.77548,81.95968
Chhattisgarh,Pithora,21.25021,82.51707
Chhattisgarh,Raigarh,22.08582,83.30603
Chhattisgarh,Raipur,21.25621,81.69022
Chhattisgarh,Raj Nandgaon,21.16667,81.0
Chhattisgarh,Raj-Nandgaon,21.09687,81.0289
Chhattisgarh,Ramanuj Ganj,23.80637,83.69981
Chhattisgarh,Ratanpur,22.2866,82.16823
Chhattisgarh,Sakti,22.02662,82.96091
Chhattisgarh,Saraipali,21.3153,83.00629
Chhattisgarh,Sarangarh,21.58614,83.0785
Chhattisgarh,Seorinarayan,21.72055,82.59344
Chhattisgarh,Simga,21.6281,81.70376
Chhattisgarh,Surguja,22.89624,83.09631
Chhattisgarh,Takhatpur,22.12915,81.86959
Chhattisgarh,Umarkot,19.66529,82.20629
Chhattisgarh,Uttar Bastar Kanker,20.2,81.1
Delhi,Alipur,28.79862,77.13314
Delhi,Bawana,28.7982,77.03431
Delhi,Central Delhi,28.64857,77.21895
Delhi,Deoli,28.50254,77.23117
Delhi,East Delhi,28.66242,77.29122
Delhi,Karol Bagh,28.65136,77.19072
Delhi,Najafgarh,28.60922,76.97982
Delhi,Nangloi Jat,28.67957,77.06799
Delhi,Narela,28.85267,77.09288
Delhi,New Delhi,28.63576,77.22445
Delhi,North Delhi,28.6692,77.22273
Delhi,North East Delhi,28.6869,77.30195
Delhi,North West Delhi,28.70113,77.10154
Delhi,Pitampura,28.68964,77.13126
Delhi,Rohini,28.74322,77.06778
Delhi,South Delhi,28.53009,77.25174
Delhi,South West Delhi,28.5806,77.0672
Delhi,West Delhi,28.65655,77.10068
Goa,Aldona,15.59337,73.87482
Goa,Arambol,15.68681,73.70449
Goa,Baga,15.56517,73.75517
Goa,Bambolim,15.46361,73.8531
Goa,Bandora,15.40823,73.98129
Goa,Benaulim,15.26435,73.92812
Goa,Calangute,15.5439,73.7553
Goa,Candolim,15.51807,73.76259
Goa,Carapur,15.56588,73.98713
Goa,Cavelossim,15.17255,73.94194
Goa,Chicalim,15.39835,73.84216
Goa,Chinchinim,15.21447,73.97555
Goa,Colovale,15.63522,73.82426
Goa,Colva,15.27976,73.92285
Goa,Cortalim,15.40247,73.90881
Goa,Cuncolim,15.1773,73.99392
Goa,Curchorem,15.26349,74.10875
Goa,Curti,15.41667,74.01667
Goa,Davorlim,15.27221,73.99242
Goa,Dicholi,15.59319,73.94571
Goa,Goa Velha,15.44384,73.88572
Goa,Guirim,15.57552,73.80722
Goa,Jua,15.5307,73.95047
Goa,Kankon,15.02698,74.04617
Goa,Madgaon,15.27501,73.95786
Goa,Mapuca,15.59154,73.80898
Goa,Morjim,15.63097,73.73903
Goa,Mormugao,15.38914,73.81491
Goa,Navelim,15.53333,73.98333
Goa,North Goa,15.53397,73.96408
Goa,Palle,15.46667,74.08333
Goa,Panaji,15.49574,73.82624
Goa,Pernem,15.723,73.79511
Goa,Ponda,15.40341,74.01519
Goa,Quepem,15.2128,74.0772
Goa,Queula,15.39011,73.98557
Goa,Raia,15.30499,73.97096
Goa,Saligao,15.55359,73.79036
Goa,Sancoale,15.37794,73.90352
Goa,Sanguem,15.22901,74.15149
Goa,Sanquelim,15.56422,74.00799
Goa,Sanvordem,15.26269,74.11965
Goa,Serula,15.54774,73.84329
Goa,Solim,15.61521,73.7674
Goa,South Goa,15.20425,74.16733
Goa,Taleigao,15.46915,73.83285
Goa,Vagator,15.59766,73.74496
Goa,Valpoy,15.53239,74.13671
Goa,Varca,15.23237,73.94311
Goa,Vasco da Gama,15.39585,73.81568
Gujarat,Abrama,20.85865,72.90648
Gujarat,Adalaj,23.16453,72.58107
Gujarat,Agol,23.15,72.26666667
Gujarat,Ahmedabad,23.02579,72.58727
Gujarat,Ahwa,20.75718,73.68626
Gujarat,Akrund,23.28333333,73.11666667
Gujarat,Amod,21.99317,72.87047
Gujarat,"Amod,",21.991,72.871
Gujarat,Amreli,21.50789,71.18323
Gujarat,Amroli,21.25084,72.83878
Gujarat,Anand,22.4,72.75
Gujarat,Anjar,23.11316,70.02671
Gujarat,Ankleshwar,21.63236,72.99001
Gujarat,Babra,21.84577,71.30544
Gujarat,Bagasara,21.48333333,70.95
Gujarat,Bagasra,21.48719,70.95516
Gujarat,Bakharla,21.731517,69.635296
Gujarat,Balagam,21.36666667,70.1
Gujarat,Balasinor,22.955891,73.336499
Gujarat,Balisana,23.816436,72.257536
Gujarat,Bamanbore,22.41666667,71.01666667
Gujarat,Banas Kantha,24.25,72.5
Gujarat,Bandia,23.39604,69.01155
Gujarat,Bantva,21.48815,70.07576
Gujarat,Bardoli,21.12297,73.11151
Gujarat,Bedi,22.50143,70.04363
Gujarat,Bhachau,23.29858,70.34279
Gujarat,Bhadran,22.3593,72.9005
Gujarat,Bhandu,23.7,72.36666667
Gujarat,Bhanvad,21.93053,69.78081
Gujarat,Bharuch,21.69482,72.9805
Gujarat,Bhatha,21.18333333,72.76666667
Gujarat,Bhavnagar,21.76287,72.15331
Gujarat,Bhayavadar,21.85523,70.24791
Gujarat,Bhildi,24.18333333,72.03333333
Gujarat,Bhojpur Dharampur,23.25,69.67
Gujarat,Bhuj,23.25397,69.66928
Gujarat,Bilimora,20.76957,72.96134
Gujarat,Bilkha,21.4415,70.60063
Gujarat,Borsad,22.40788,72.89817
Gujarat,Botad,22.16917,71.66671
Gujarat,Chaklasi,22.6532,72.94497
Gujarat,Chalala,21.41073,71.16621
Gujarat,Chaloda,22.8,72.45
Gujarat,Champaner,22.4859,73.5371
Gujarat,Chanasma,23.71472,72.11279
Gujarat,Chhala,23.30779,72.77404
Gujarat,Chhota Udepur,22.30401,74.0158
Gujarat,Chikhli,20.75751,73.06268
Gujarat,Chotila,22.42347,71.19641
Gujarat,Chuda,22.48333333,71.68333333
Gujarat,Dabhoda,23.16666667,72.73333333
Gujarat,Dabhoi,22.18333,73.43333
Gujarat,Dahegam,23.16903,72.82161
Gujarat,Dahod,22.52,74.15
Gujarat,Dakor,22.75268,73.14967
Gujarat,Damnagar,21.69232,71.51747
Gujarat,Dandi,21.32988,72.62484
Gujarat,Dangs (India),20.75,73.75
Gujarat,Danta,24.18861111,72.76583333
Gujarat,Dayapar,23.63371,68.90192
Gujarat,Delvada,20.77544,71.04646
Gujarat,Delwada,20.7833,71.05
Gujarat,Detroj,23.33333333,72.18333333
Gujarat,Devbhumi Dwarka,22.20253,69.65498
Gujarat,Devgadh Bariya,22.70517,73.90882
Gujarat,Dhandhuka,22.38185,71.98664
Gujarat,Dhanera,24.50967,72.02343
Gujarat,Dhansura,23.35,73.2
Gujarat,Dharampur,20.53693,73.17368
Gujarat,Dharasana,20.68333333,72.91666667
Gujarat,Dhari,21.32855,71.02645
Gujarat,Dhasa,21.8,71.51666667
Gujarat,Dhola,21.88129,71.77269
Gujarat,Dholera,22.248,72.195
Gujarat,Dholka,22.72732,72.44128
Gujarat,Dhoraji,21.73359,70.45004
Gujarat,Dhrangadhra,22.99167,71.46793
Gujarat,Dhrol,22.567,70.41769
Gujarat,Dhuwaran,22.23779,72.7591
Gujarat,Disa,24.25612,72.17928
Gujarat,Dohad,22.9,74.0
Gujarat,Dumkhal,21.7396,73.8449
Gujarat,Dungarpur,21.28777,71.7556
Gujarat,Dwarka,22.23944,68.96778
Gujarat,Gadhada,21.96957,71.57828
Gujarat,Gandevi,20.81214,72.99811
Gujarat,Gandhidham,23.08333,70.13333
Gujarat,Gandhinagar,23.21667,72.68333
Gujarat,Gariadhar,21.53889,71.57737
Gujarat,Ghodasar,24.45,71.85
Gujarat,Ghogha,21.68813,72.2763
Gujarat,Gir Somnath,20.91287,70.3671
Gujarat,Godhra,22.77547,73.61488
Gujarat,Gondal,21.96074,70.80255
Gujarat,Gorwa,22.3301,73.1611
Gujarat,Halenda,22.088185,71.05171
Gujarat,Halol,22.50321,73.47242
Gujarat,Halvad,23.01516,71.18029
Gujarat,Hansot,21.58496,72.80764
Gujarat,Harij,23.69356,71.907
Gujarat,Harsol,23.36,73.02
Gujarat,Hathuran,21.5,72.97
Gujarat,Himatnagar,23.59893,72.96602
Gujarat,Idar,23.83,73.0
Gujarat,Jakhau,23.21861111,68.71694444
Gujarat,Jalalpore,20.9491,72.9136
Gujarat,Jalalpur,20.94896,72.89829
Gujarat,Jalia,21.8,70.25
Gujarat,Jambuda,22.51666667,70.21666667
Gujarat,Jambusar,22.05236,72.80074
Gujarat,Jamnagar,22.47292,70.06673
Gujarat,"Jarod,",22.433,73.333
Gujarat,Jasdan,22.03709,71.20794
Gujarat,Jetalpur,22.88333333,72.6
Gujarat,Jetalsar,21.70891,70.57695
Gujarat,Jetpur,21.75482,70.62347
Gujarat,Jetpur (Navagadh),21.75482,70.62347
Gujarat,Jhalod,23.10027778,74.15611111
Gujarat,Jhulasan,23.3286,72.47314
Gujarat,Jodhpur,21.90174,70.0327
Gujarat,Jodhpur (Ahmedabad),21.88,70.03
Gujarat,Jodia,22.71667,70.28333
Gujarat,Jodiya Bandar,22.71667,70.28333
Gujarat,Junagadh,21.25,70.33333
Gujarat,Kachchh,23.58333,70.0
Gujarat,Kachholi,20.83333333,72.96666667
Gujarat,Kadi,23.29908,72.33362
Gujarat,Kadod,21.21717,73.21972
Gujarat,Kalavad,22.20789,70.38343
Gujarat,Kalol,22.60777,73.46272
Gujarat,Kandla,23.03333,70.21667
Gujarat,Kandla port,23.03,70.22
Gujarat,Kanodar,24.08932,72.39354
Gujarat,Kapadvanj,23.02302,73.07113
Gujarat,Karamsad,22.54243,72.90392
Gujarat,Kariana,21.88333333,71.35
Gujarat,Karjan,22.05304167,73.12351389
Gujarat,Kathor,21.28854,72.9407
Gujarat,Katpur,21.05869,71.79457
Gujarat,Kavant,22.09282,74.05078
Gujarat,Kawant,22.09282,74.05078
Gujarat,Kayavarohan,22.067,73.25
Gujarat,Kerwada,21.9,72.85
Gujarat,Keshod,21.30328,70.24861
Gujarat,Khambhalia,22.2,69.65
Gujarat,Khambhat,22.31744,72.61916
Gujarat,Khavda,23.85,69.72
Gujarat,Kheda,22.75,72.83333
Gujarat,Khedbrahma,24.0299,73.04632
Gujarat,Khedoi,23.05927778,69.91895556
Gujarat,Kherali,22.68333333,71.6
Gujarat,Kheralu,23.88534,72.61869
Gujarat,Kodinar,20.79393,70.70216
Gujarat,Kosamba,21.46202,72.95842
Gujarat,Kothara,23.133,68.932
Gujarat,Kotharia,22.23,70.81
Gujarat,Kukarmunda,21.51666667,74.13333333
Gujarat,Kukma,23.217822,69.777922
Gujarat,Kundla,21.34222,71.30633
Gujarat,Kutch district,23.915,70.367
Gujarat,Kutiyana,21.6241,69.98494
Gujarat,Ladol,23.61666667,72.73333333
Gujarat,Lakhpat,23.82611111,68.77694444
Gujarat,Lakhtar,22.85683,71.78844
Gujarat,Lalpur,22.19073,69.96351
Gujarat,Langhnaj,23.45,72.48333333
Gujarat,Lathi,21.7231,71.38843
Gujarat,Limbdi,22.56507,71.81076
Gujarat,Limkheda,22.81666667,73.98333333
Gujarat,Lunavada,23.12841,73.61043
Gujarat,Madhavpur Ghed,21.29929167,70.02513889
Gujarat,Madhi,22.1,69.1
Gujarat,Mahemdavad,22.82359,72.75551
Gujarat,Mahesana,23.66667,72.5
Gujarat,Mahisa,22.85,73.05
Gujarat,Mahudha,22.82082,72.94032
Gujarat,Mahuva,21.0833,71.8
Gujarat,Mahuva (Surat),21.02,73.15
Gujarat,Malpur,23.36035,73.46595
Gujarat,Manavadar,21.49813,70.13775
Gujarat,Mandal,23.28865,71.91854
Gujarat,Mandvi,22.83282,69.35237
Gujarat,Mandvi (Surat),21.25526,73.30412
Gujarat,Mangrol,21.12268,70.11484
Gujarat,Mangrol (Junagadh),21.12,70.12
Gujarat,Mansa,23.42564,72.65739
Gujarat,Meghraj,23.49805,73.51352
Gujarat,Mehsana,23.6,72.4
Gujarat,Mendarda,21.32112,70.44078
Gujarat,Mithapur,22.41,69.0
Gujarat,Modasa,23.46253,73.29857
Gujarat,Morbi,22.81731,70.8377
Gujarat,Morva (Hadaf),22.90469,73.83912
Gujarat,Morwa,22.90469,73.83912
Gujarat,Mundra,22.83918,69.7219
Gujarat,Nadiad,22.69385,72.86157
Gujarat,"Nadiad,",22.7,72.87
Gujarat,Nagwa,25.69621,84.2359
Gujarat,Naldhara,20.96666667,73.16666667
Gujarat,Naliya,23.26058,68.82655
Gujarat,Nargol,20.233,72.75
Gujarat,Narmada,21.87377,73.49527
Gujarat,Naroda,23.07041,72.65702
Gujarat,Navsari,20.95,72.92
Gujarat,Nikora,21.78586,73.13968
Gujarat,Nizar,21.47727,74.19595
Gujarat,Odadar,21.56666667,69.66666667
Gujarat,Okha,22.46756,69.07002
Gujarat,Olpad,21.33649,72.75161
Gujarat,Paddhari,22.43654,70.60162
Gujarat,Padra,22.2398,73.08451
Gujarat,Palanpur,24.17128,72.43827
Gujarat,Palanswa,23.46666667,70.93333333
Gujarat,Palitana,21.52519,71.82309
Gujarat,Paliyad,22.25757,71.56024
Gujarat,Paliyad (Bhavnagar),22.25757,71.56024
Gujarat,Palsana,21.08,72.98
Gujarat,Panch Mahals,22.75,73.6
Gujarat,Panchmahal district,22.75,73.6
Gujarat,Pardi,20.5087,72.94569
Gujarat,Parnera,20.56101,72.94846
Gujarat,Patan,23.7,71.8
Gujarat,Pavi Jetpur,22.34472,73.84093
Gujarat,Petlad,22.47681,72.79995
Gujarat,Pipavav,20.96666667,71.56666667
Gujarat,Piplod,22.81666667,73.9
Gujarat,Porbandar,21.64219,69.60929
Gujarat,Prabhas Patan,20.88808,70.40129
Gujarat,Prantij,23.43841944,72.85718056
Gujarat,Radhanpur,23.83238,71.6047
Gujarat,Rajkot,22.33333,70.83333
Gujarat,Rajpipla,21.86667,73.5
Gujarat,Rajula,21.03854,71.44345
Gujarat,Ranavav,21.68734,69.74485
Gujarat,Ranpur,22.3667,71.75
Gujarat,Rapar,23.57267,70.64718
Gujarat,Reha,23.151725,69.750086
Gujarat,Roha,23.19646,69.27076
Gujarat,Sabar Kantha,23.62974,73.00197
Gujarat,Sachin,21.08718,72.88153
Gujarat,Salaya,22.31038,69.60376
Gujarat,Samakhiali,23.3034,70.50688
Gujarat,Sanand,22.99227,72.38177
Gujarat,Sankheda,22.17021,73.5782
Gujarat,Sarbhon,21.05,73.0833
Gujarat,Sardoi,23.5667,73.2667
Gujarat,Sarkhej,22.98297,72.50196
Gujarat,Sathamba,23.169125,73.32661667
Gujarat,Savarkundla,21.33726,71.3035
Gujarat,Savli,22.56666667,73.21666667
Gujarat,Sayla,22.54925,71.48324
Gujarat,Shahpur,22.15611,70.77068
Gujarat,Shivrajpur,22.42319,73.60865
Gujarat,Siddhpur,23.9167,72.3833
Gujarat,Sihor,21.71134,71.96179
Gujarat,Sikka,22.43218,69.84158
Gujarat,Sinor,21.91117,73.33974
Gujarat,Sojitra,22.53884,72.71984
Gujarat,Songadh,21.16966,73.56357
Gujarat,Supedi,21.762,70.378
Gujarat,Surat,21.17801,72.81189
Gujarat,Surendranagar,22.72706,71.64856
Gujarat,Sutrapada,20.8928,70.465
Gujarat,Talaja,21.3527,72.03524
Gujarat,Tankara,22.65622,70.74945
Gujarat,Tapi,21.12,73.4
Gujarat,Than,22.57422,71.19942
Gujarat,Thangadh,22.56666667,71.18333333
Gujarat,Tharad,24.39597,71.62577
Gujarat,Thasra,22.79831,73.21174
Gujarat,The Dangs,20.75,73.75
Gujarat,Umarpada,21.45,73.5
Gujarat,Umrala,21.84353,71.80305
Gujarat,Umreth,22.69881,73.11561
Gujarat,Un,23.88745,71.76975
Gujarat,Una,20.82318,71.03795
Gujarat,Unjha,23.80366,72.39101
Gujarat,Upleta,21.74015,70.28256
Gujarat,Utran,21.23333,72.86667
Gujarat,Vadgam,24.08333333,72.48333333
Gujarat,Vadnagar,23.78593,72.63893
Gujarat,Vadodara,22.29941,73.20812
Gujarat,Vaghodia,22.30505,73.40016
Gujarat,Vaghodia INA,22.3,73.3833
Gujarat,Vallabh Vidyanagar,22.53333,72.9
Gujarat,Vallabhipur,21.8878,71.8795
Gujarat,Valsad,20.5,73.08333
Gujarat,Vanala,22.45,71.98333333
Gujarat,Vansda,20.45,73.22
Gujarat,Vanthli,21.4833,70.3333
Gujarat,Vapi,20.37175,72.90493
Gujarat,Vartej,21.73947,72.06553
Gujarat,Vasa,22.66079,72.75519
Gujarat,Vasavad,21.82657,71.02436
Gujarat,Vaso,22.66079,72.75519
Gujarat,Vataman,22.53,72.42
Gujarat,Vejalpur,22.69021,73.56299
Gujarat,Veraval,20.9077,70.36786
Gujarat,Vijapur,23.5623,72.74848
Gujarat,Vinchhiya,22.21027,71.37967
Gujarat,Vinchia,22.21027,71.37967
Gujarat,Viramgam,23.12,72.03
Gujarat,Virpur,23.1892,73.47987
Gujarat,Visavadar,21.33954,70.74966
Gujarat,Visnagar,23.69855,72.5521
Gujarat,Vyara,21.11079,73.39365
Gujarat,Wadhai,20.76666667,73.48333333
Gujarat,Wadhwan,22.7,71.68333333
Gujarat,Waghai,20.77048,73.50074
Gujarat,Wankaner,22.61198,70.94379
Haryana,Ambala,30.32854,76.9422
Haryana,Asandh,29.52119,76.60552
Haryana,Ateli Mandi,28.1008,76.2598
Haryana,Bahadurgarh,28.69287,76.93555
Haryana,Bara Uchana,29.46747,76.17798
Haryana,Barwala,29.36747,75.90809
Haryana,Bawal,28.07184,76.58312
Haryana,Beri Khas,28.70146,76.57708
Haryana,Bhiwani,28.75,76.16667
Haryana,Bilaspur,30.3045,77.30424
Haryana,Buriya,30.15911,77.35814
Haryana,Charkhi Dadri,28.59166,76.27161
Haryana,Chhachhrauli,30.24492,77.36027
Haryana,Dabwali,29.94906,74.73832
Haryana,Dharuhera,28.20553,76.79691
Haryana,Ellenabad,29.45282,74.66122
Haryana,Faridabad,28.41124,77.31316
Haryana,Faridabad District,28.46292,77.3716
Haryana,Farrukhnagar,28.44745,76.82391
Haryana,Fatehabad,29.51525,75.45554
Haryana,Fatehabad District,29.31,75.27
Haryana,Firozpur Jhirka,27.78853,76.94496
Haryana,Gharaunda,29.53692,76.97142
Haryana,Gohana,29.13777,76.70247
Haryana,Gorakhpur,29.44768,75.67206
Haryana,Gurgaon,28.43891,77.00592
Haryana,Hansi,29.10239,75.96253
Haryana,Hasanpur,27.96944,77.49544
Haryana,Hisar,29.15394,75.72294
Haryana,Hodal,27.89196,77.36744
Haryana,Inda Chhoi,29.64042,75.79041
Haryana,Indri,29.87999,77.05972
Haryana,Jagadhri,30.16719,77.30367
Haryana,Jakhal,29.79627,75.82392
Haryana,Jhajjar,28.6063,76.6565
Haryana,Jind,29.31577,76.31502
Haryana,Kaithal,29.80153,76.39959
Haryana,Kalanaur,28.82823,76.3955
Haryana,Kalanwali,29.83573,74.9717
Haryana,Kanina Khas,28.33093,76.31099
Haryana,Karnal,29.66667,76.83333
Haryana,Kharkhauda,28.8787,76.91069
Haryana,Kheri Sampla,28.7781,76.7756
Haryana,Kurukshetra,30.0,76.75
Haryana,Ladwa,29.9935,77.04563
Haryana,Loharu,28.42993,75.80779
Haryana,Maham,28.96912,76.29495
Haryana,Mahendragarh,28.25,76.16667
Haryana,Mandholi Kalan,28.7085,75.68296
Haryana,Mustafabad,30.2022,77.14873
Haryana,Narayangarh,30.47798,77.12804
Haryana,Narnaul,28.04444,76.10833
Haryana,Narnaund,29.22047,76.14278
Haryana,Narwana,29.59903,76.11927
Haryana,Nilokheri,29.83671,76.93191
Haryana,Nuh,28.10296,77.00144
Haryana,Palwal,28.14469,77.32546
Haryana,Panchkula,30.72883,76.94716
Haryana,Panipat,29.33259,76.92634
Haryana,Pataudi,28.32547,76.77858
Haryana,Pehowa,29.97897,76.58249
Haryana,Pinjaur,30.79873,76.91822
Haryana,Punahana,27.86371,77.20432
Haryana,Pundri,29.76096,76.56034
Haryana,Radaur,30.02706,77.15177
Haryana,Rania,29.52454,74.83689
Haryana,Ratia,29.69029,75.57688
Haryana,Rewari,28.199,76.6183
Haryana,Rewari District,28.19613,76.61607
Haryana,Rohtak,28.83333,76.66667
Haryana,Safidon,29.40596,76.67042
Haryana,Samalkha,29.23552,77.01273
Haryana,Shadipur Julana,29.12368,76.40516
Haryana,Shahabad,30.16776,76.87046
Haryana,Sirsa,29.53489,75.02898
Haryana,Sohna,28.24737,77.06544
Haryana,Sonipat,29.0,76.91667
Haryana,Taoru,28.21173,76.94984
Haryana,Thanesar,29.97323,76.83214
Haryana,Tohana,29.71332,75.90441
Haryana,Tosham,28.86993,75.9165
Haryana,Uklana,29.51124,75.87823
Haryana,Yamunanagar,30.23644,77.30498
Himachal Pradesh,Arki,31.15196,76.96675
Himachal Pradesh,Baddi,30.95783,76.79136
Himachal Pradesh,Banjar,31.639,77.34055
Himachal Pradesh,Bilaspur,31.33027,76.75663
Himachal Pradesh,Chamba,32.57147,76.10229
Himachal Pradesh,Chaupal,30.94647,77.5884
Himachal Pradesh,Chowari,32.4319,76.012
Himachal Pradesh,Chuari Khas,32.43058,76.01428
Himachal Pradesh,Dagshai,30.88431,77.05228
Himachal Pradesh,Dalhousie,32.55219,75.94663
Himachal Pradesh,Daulatpur,31.78871,75.99154
Himachal Pradesh,Dera Gopipur,31.87919,76.21871
Himachal Pradesh,Dharamsala,32.22006,76.32013
Himachal Pradesh,Gagret,31.65846,76.06144
Himachal Pradesh,Ghumarwin,31.44166,76.71509
Himachal Pradesh,Hamirpur,31.75,76.5
Himachal Pradesh,Jawala Mukhi,31.87456,76.32013
Himachal Pradesh,Jogindarnagar,31.98727,76.78906
Himachal Pradesh,Jubbal,31.10923,77.65085
Himachal Pradesh,Jutogh,31.1,77.11667
Himachal Pradesh,Kalka,30.83982,76.94065
Himachal Pradesh,Kangar,32.09135,76.26267
Himachal Pradesh,Kangra,32.16667,76.25
Himachal Pradesh,Kasauli,30.89856,76.96587
Himachal Pradesh,Kinnaur,31.58333,78.41667
Himachal Pradesh,Kotkhai,31.11728,77.53936
Himachal Pradesh,Kotla,32.25,76.03333
Himachal Pradesh,Kulu,32.0,77.25
Himachal Pradesh,Kyelang,32.5717,77.02448
Himachal Pradesh,Lahul and Spiti,32.5,77.83333
Himachal Pradesh,Manali,32.2574,77.17481
Himachal Pradesh,Mandi,31.71194,76.93273
Himachal Pradesh,Nadaun,31.78303,76.3431
Himachal Pradesh,Nagar,32.13808,77.17393
Himachal Pradesh,Nagrota,32.0571,76.09139
Himachal Pradesh,Nahan,30.56029,77.29426
Himachal Pradesh,Nalagarh,31.04168,76.72285
Himachal Pradesh,Palampur,32.11453,76.55681
Himachal Pradesh,Pandoh,31.66902,77.05359
Himachal Pradesh,Paonta Sahib,30.43666,77.62462
Himachal Pradesh,Parwanoo,30.83716,76.96143
Himachal Pradesh,Rajgarh,30.85142,77.30066
Himachal Pradesh,Rampur,31.44943,77.63087
Himachal Pradesh,Rohru,31.20269,77.75484
Himachal Pradesh,Sabathu,30.97494,76.99137
Himachal Pradesh,Santokhgarh,31.35205,76.31775
Himachal Pradesh,Sarahan,31.50988,77.79395
Himachal Pradesh,Sarka Ghat,31.69887,76.73529
Himachal Pradesh,Seoni,31.24188,77.12362
Himachal Pradesh,Shimla,31.16667,77.58333
Himachal Pradesh,Sirmaur,30.75,77.5
Himachal Pradesh,Solan,31.08333,76.83333
Himachal Pradesh,Sundarnagar,31.53523,76.905
Himachal Pradesh,Theog,31.12155,77.35838
Himachal Pradesh,Tira Sujanpur,31.83364,76.50539
Himachal Pradesh,Una,31.46493,76.26914
Himachal Pradesh,Yol,32.16423,76.19622
Jammu and Kashmir,Akhnur,32.86667,74.73333
Jammu and Kashmir,Anantnag,33.73068,75.15418
Jammu and Kashmir,Awantipur,33.91978,75.01515
Jammu and Kashmir,Badgam,33.89001,74.66297
Jammu and Kashmir,Bandipore,34.50404,74.82832
Jammu and Kashmir,Bandipura,34.41728,74.64308
Jammu and Kashmir,Banihal,33.43647,75.19684
Jammu and Kashmir,Baramula,34.19287,74.3692
Jammu and Kashmir,Batoti,33.11826,75.30889
Jammu and Kashmir,Bhadarwah,32.97941,75.71723
Jammu and Kashmir,Bijbehara,33.79378,75.107
Jammu and Kashmir,Bishnah,32.6106,74.85557
Jammu and Kashmir,Doda,33.14916,75.54746
Jammu and Kashmir,Gandarbal,34.22619,74.77478
Jammu and Kashmir,Ganderbal,34.29467,75.19996
Jammu and Kashmir,Gho Brahmanan de,32.5559,74.9539
Jammu and Kashmir,Hajan,34.29895,74.61681
Jammu and Kashmir,Hiranagar,32.45493,75.27187
Jammu and Kashmir,Jammu,32.75,74.83333
Jammu and Kashmir,Jaurian,32.83255,74.57612
Jammu and Kashmir,Kathua,32.58333,75.5
Jammu and Kashmir,Katra,32.99167,74.93195
Jammu and Kashmir,Khaur,32.6027,74.80918
Jammu and Kashmir,Kishtwar,33.52958,76.01462
Jammu and Kashmir,Kud,33.07246,75.28727
Jammu and Kashmir,Kulgam,33.64456,75.01923
Jammu and Kashmir,Kupwara,34.53193,74.26605
Jammu and Kashmir,Ladakh,34.33333,77.41667
Jammu and Kashmir,Magam,34.09256,74.59016
Jammu and Kashmir,Nawanshahr,32.76505,74.52772
Jammu and Kashmir,Noria,32.52095,74.79845
Jammu and Kashmir,Padam,33.46659,76.88488
Jammu and Kashmir,Pahlgam,34.01592,75.31899
Jammu and Kashmir,Parol,32.34598,75.43441
Jammu and Kashmir,Pattan,34.16125,74.55634
Jammu and Kashmir,Pulwama,33.87405,74.89955
Jammu and Kashmir,Punch,33.70178,74.19916
Jammu and Kashmir,Qazigund,33.63828,75.14261
Jammu and Kashmir,Rajaori,33.37526,74.3092
Jammu and Kashmir,Rajauri,33.25,74.25
Jammu and Kashmir,Ramban,33.32301,75.1861
Jammu and Kashmir,Ramgarh,33.40379,74.22388
Jammu and Kashmir,Ramnagar,32.80728,75.31119
Jammu and Kashmir,Riasi,33.08115,74.83242
Jammu and Kashmir,Samba,32.57523,75.10929
Jammu and Kashmir,Shupiyan,33.73067,74.81869
Jammu and Kashmir,Sopur,34.28671,74.47228
Jammu and Kashmir,Soyibug,34.07677,74.7057
Jammu and Kashmir,Srinagar,34.08565,74.80555
Jammu and Kashmir,Sumbal,34.23072,74.6472
Jammu and Kashmir,Thang,34.9274,76.79336
Jammu and Kashmir,Thanna Mandi,33.54204,74.381
Jammu and Kashmir,Tral,33.92708,75.11585
Jammu and Kashmir,Tsrar Sharif,33.86319,74.76524
Jammu and Kashmir,Udhampur,33.0,75.16667
Jammu and Kashmir,Uri,34.08064,74.05088
Jharkhand,Bagra,23.73333,86.31667
Jharkhand,Barka Kana,23.62118,85.46748
Jharkhand,Barki Saria,24.17594,85.88938
Jharkhand,Barwadih,23.8478,84.11049
Jharkhand,Bhojudih,23.63962,86.44105
Jharkhand,Bokaro,23.68562,85.99026
Jharkhand,Bundu,23.16095,85.59007
Jharkhand,Chaibasa,22.55038,85.80249
Jharkhand,Chakradharpur,22.67611,85.62892
Jharkhand,Chakulia,22.48301,86.71793
Jharkhand,Chandil,22.95745,86.05331
Jharkhand,Chas,23.63556,86.16712
Jharkhand,Chatra,24.20645,84.87085
Jharkhand,Chiria,22.31093,85.27601
Jharkhand,Daltonganj,24.03971,84.0658
Jharkhand,Deogarh,24.44382,86.72607
Jharkhand,Dhanbad,23.80199,86.44324
Jharkhand,Dhanwar,24.41074,85.98183
Jharkhand,Dugda,23.74516,86.17175
Jharkhand,Dumka,24.3,87.25
Jharkhand,Garhwa,24.07494,83.71023
Jharkhand,Ghatsila,22.58531,86.47682
Jharkhand,Giridih,24.25,85.91667
Jharkhand,Gobindpur,22.63393,86.07162
Jharkhand,Godda,24.83333,87.21667
Jharkhand,Gomoh,23.87355,86.1516
Jharkhand,Gopinathpur,22.66301,86.075
Jharkhand,Gua,22.21361,85.38774
Jharkhand,Gumia,23.7975,85.82523
Jharkhand,Gumla,23.08055,84.53834
Jharkhand,Hazaribag,24.0,85.25
Jharkhand,Hazaribagh,23.99241,85.36162
Jharkhand,Hesla,24.06313,85.87905
Jharkhand,Husainabad,24.52849,84.0
Jharkhand,Jagannathpur,22.22115,85.63917
Jharkhand,Jamadoba,23.71667,86.4
Jharkhand,Jamshedpur,22.80278,86.18545
Jharkhand,Jamtara,24.0,86.85
Jharkhand,Jasidih,24.51379,86.64576
Jharkhand,Jharia,23.74079,86.41456
Jharkhand,Jugsalai,22.77668,86.18351
Jharkhand,Jumri Tilaiya,24.4349,85.52951
Jharkhand,Kalikapur,22.61662,86.2881
Jharkhand,Kandra,22.8517,86.05192
Jharkhand,Kanke,23.43478,85.32059
Jharkhand,Katras,23.79752,86.29834
Jharkhand,Kenduadih,23.77574,86.37609
Jharkhand,Kharsawan,22.79093,85.83102
Jharkhand,Khunti,23.07602,85.27818
Jharkhand,Kodarma,24.46753,85.59397
Jharkhand,Kuju,23.72536,85.51023
Jharkhand,Latehar,23.75,84.4
Jharkhand,Lohardaga,23.5,84.6
Jharkhand,Madhupur,24.27419,86.63929
Jharkhand,Malkera,23.78213,86.28767
Jharkhand,Manoharpur,22.37456,85.19234
Jharkhand,Mugma,23.77015,86.72746
Jharkhand,Mushabani,22.51135,86.45713
Jharkhand,Neturhat,23.47457,84.2678
Jharkhand,Nirsa,23.78438,86.70692
Jharkhand,Noamundi,22.16094,85.50416
Jharkhand,Pakur,24.63925,87.84239
Jharkhand,Palamu,23.91667,84.08333
Jharkhand,Pashchim Singhbhum,22.5,85.5
Jharkhand,patamda,24.3,85.41667
Jharkhand,Pathardih,23.6658,86.43166
Jharkhand,Purba Singhbhum,22.59238,86.48341
Jharkhand,Ramgarh,23.63073,85.56057
Jharkhand,Ranchi,23.34316,85.3094
Jharkhand,Ray,23.6843,85.05457
Jharkhand,Sahibganj,24.99354,87.67333
Jharkhand,Saraikela,22.69963,85.93126
Jharkhand,Sarubera,23.81813,85.99628
Jharkhand,Sijua,23.77617,86.33028
Jharkhand,Simdega,22.61523,84.50208
Jharkhand,Sini,22.79325,85.94543
Jharkhand,Topchanchi,23.90381,86.19792
Karnataka,Afzalpur,17.19986,76.36018
Karnataka,Ajjampur,13.72794,76.0068
Karnataka,Aland,17.56425,76.56854
Karnataka,Alnavar,15.42727,74.74111
Karnataka,Alur,12.97805,75.99094
Karnataka,Anekal,12.7111,77.69557
Karnataka,Ankola,14.66049,74.3047
Karnataka,Annigeri,15.42513,75.4335
Karnataka,Arkalgud,12.76171,76.06035
Karnataka,Arsikere,13.31446,76.25704
Karnataka,Athni,16.72613,75.06421
Karnataka,Aurad,18.25397,77.41761
Karnataka,Badami,15.91495,75.67683
Karnataka,Bagalkot,16.18,75.69
Karnataka,Bagepalli,13.78338,77.79667
Karnataka,Bail-Hongal,15.8137,74.85895
Karnataka,Ballari,15.15,76.55
Karnataka,Ballary,15.14205,76.92398
Karnataka,Banavar,13.41029,76.16314
Karnataka,Bangalore Rural,13.22567,77.57501
Karnataka,Bangalore Urban,13.0,77.58333
Karnataka,Bangarapet,12.99116,78.17804
Karnataka,Bannur,12.33295,76.86201
Karnataka,Bantval,12.8905,75.03489
Karnataka,Basavakalyan,17.87445,76.94972
Karnataka,Basavana Bagevadi,16.57278,75.97252
Karnataka,Belagavi,16.33333,74.75
Karnataka,Belluru,12.9814,76.73308
Karnataka,Beltangadi,13.98333,75.3
Karnataka,Belur,13.16558,75.86519
Karnataka,Bengaluru,12.97194,77.59369
Karnataka,Bhadravati,13.84846,75.70502
Karnataka,Bhalki,18.04348,77.206
Karnataka,Bhatkal,13.98534,74.55531
Karnataka,Bidar,18.08333,77.33333
Karnataka,Bilgi,16.34714,75.61804
Karnataka,Birur,13.59723,75.97167
Karnataka,Byadgi,14.67325,75.4868
Karnataka,Byndoor,13.86667,74.63333
Karnataka,Canacona,14.9959,74.05056
Karnataka,Challakere,14.318,76.65165
Karnataka,Chamrajnagar,11.96,77.09
Karnataka,Channagiri,14.02399,75.92577
Karnataka,Channapatna,12.65143,77.20672
Karnataka,Channarayapatna,12.90642,76.38775
Karnataka,Chik Ballapur,13.43512,77.72787
Karnataka,Chikkaballapur,13.55,77.87
Karnataka,Chikkamagaluru,13.49,75.73
Karnataka,Chiknayakanhalli,13.41609,76.62063
Karnataka,Chikodi,16.42898,74.58591
Karnataka,Chincholi,17.46508,77.41874
Karnataka,Chintamani,13.40051,78.05172
Karnataka,Chitapur,17.12357,77.0824
Karnataka,Chitradurga,14.2,76.5
Karnataka,Closepet,12.72181,77.28149
Karnataka,Coondapoor,13.63126,74.6902
Karnataka,Dakshina Kannada,12.84,75.29
Karnataka,Dandeli,15.26667,74.61667
Karnataka,Davanagere,14.43,75.9
Karnataka,Devanhalli,13.24655,77.71183
Karnataka,Dharwad,15.37,75.14
Karnataka,Dod Ballapur,13.29452,77.53777
Karnataka,French Rocks,12.50094,76.67416
Karnataka,Gadag,15.49835,75.65187
Karnataka,Gadag-Betageri,15.4167,75.6167
Karnataka,Gajendragarh,15.73628,75.96976
Karnataka,Gangawati,15.4313,76.52933
Karnataka,Gangolli,13.65024,74.67072
Karnataka,Gokak,16.16901,74.82393
Karnataka,Gokarna,14.55,74.31667
Karnataka,Goribidnur,13.61072,77.51738
Karnataka,Gorur,12.82297,76.06463
Karnataka,Gubbi,13.31216,76.94102
Karnataka,Gudibanda,13.67099,77.70414
Karnataka,Guledagudda,16.05025,75.78997
Karnataka,Gundlupēt,11.81004,76.69027
Karnataka,Gurmatkal,16.86773,77.39088
Karnataka,Hadagalli,15.02048,75.93185
Karnataka,Haliyal,15.32864,74.75638
Karnataka,Hampi,15.3352,76.4603
Karnataka,Hangal,14.76465,75.1246
Karnataka,Harihar,14.51288,75.80716
Karnataka,Harpanahalli,14.78766,75.98863
Karnataka,Hassan,12.95,76.08333
Karnataka,Haveri,14.73732,75.41062
Karnataka,Heggadadevankote,12.08809,76.32957
Karnataka,Hirekerur,14.45506,75.3952
Karnataka,Hiriyur,13.94455,76.61723
Karnataka,Holalkere,14.04295,76.18496
Karnataka,Hole Narsipur,12.78635,76.24331
Karnataka,Homnabad,17.77074,77.12519
Karnataka,Honavar,14.28088,74.44497
Karnataka,Honnali,14.23976,75.64507
Karnataka,Hosanagara,13.91387,75.06503
Karnataka,Hosangadi,13.69756,74.95427
Karnataka,Hosdurga,13.79631,76.28408
Karnataka,Hoskote,13.0707,77.79814
Karnataka,Hospet,15.26954,76.3871
Karnataka,Hubballi,15.34776,75.13378
Karnataka,Hukeri,16.23082,74.60244
Karnataka,Hungund,16.06213,76.0586
Karnataka,Hunsur,12.30359,76.29275
Karnataka,Ilkal,15.95923,76.11351
Karnataka,Indi,17.17735,75.9526
Karnataka,Jagalur,14.51957,76.33915
Karnataka,Jamkhandi,16.50461,75.29146
Karnataka,Jevargi,17.01394,76.77317
Karnataka,Kadur,13.55285,76.01164
Karnataka,Kalaburgi,17.16667,77.08333
Karnataka,Kalghatgi,15.18315,74.97099
Karnataka,Kampli,15.40626,76.60013
Karnataka,Kankanhalli,12.54654,77.42005
Karnataka,Karkala,13.21428,74.99234
Karnataka,Karwar,14.81361,74.12972
Karnataka,Kavalur,15.28829,75.9433
Karnataka,Kerur,16.01384,75.54631
Karnataka,Khanapur,15.63969,74.50847
Karnataka,Kodagu,12.41667,75.75
Karnataka,Kodigenahalli,13.72136,77.38629
Karnataka,Kodlipet,12.80087,75.88662
Karnataka,Kolar,13.13,78.23
Karnataka,Kollegal,12.15449,77.11051
Karnataka,Konanur,12.63016,76.05037
Karnataka,Konnur,16.20138,74.74886
Karnataka,Koppa,13.53044,75.36329
Karnataka,Koppal,15.5,76.2
Karnataka,Koratagere,13.522,77.2373
Karnataka,Kotturu,14.82442,76.22005
Karnataka,Krishnarajpet,12.66621,76.4877
Karnataka,Kudachi,16.62784,74.85408
Karnataka,Kudligi,14.905,76.38527
Karnataka,Kumsi,14.05455,75.39992
Karnataka,Kumta,14.42853,74.4189
Karnataka,Kundgol,15.25612,75.24735
Karnataka,Kunigal,13.02319,77.02518
Karnataka,Kurgunta,17.19321,77.35772
Karnataka,Kushalnagar,12.45795,75.95904
Karnataka,Kushtagi,15.75623,76.19112
Karnataka,Lakshmeshwar,15.12689,75.46935
Karnataka,Lingsugur,16.15876,76.52174
Karnataka,Londa,15.46907,74.51906
Karnataka,Maddagiri,13.66035,77.21239
Karnataka,Maddur,12.58283,77.04294
Karnataka,Madikeri,12.42602,75.7382
Karnataka,Magadi,12.95706,77.22374
Karnataka,Mahalingpur,16.3888,75.10873
Karnataka,Malavalli,12.38556,77.06045
Karnataka,Malpe,13.34962,74.70394
Karnataka,Malur,13.00322,77.93798
Karnataka,Mandya,12.5223,76.89746
Karnataka,Mangaluru,12.91723,74.85603
Karnataka,Manipal,13.35,74.78333
Karnataka,Manvi,15.99126,77.05034
Karnataka,Mayakonda,14.28894,76.08305
Karnataka,Melukote,12.66258,76.64861
Karnataka,Mudbidri,13.06653,74.99525
Karnataka,Muddebihal,16.33782,76.13173
Karnataka,Mudgal,16.01191,76.44203
Karnataka,Mudgere,13.13353,75.6416
Karnataka,Mudhol,16.33354,75.28305
Karnataka,Mulbagal,13.16352,78.39346
Karnataka,Mulgund,15.2807,75.52132
Karnataka,Mulki,13.09101,74.79353
Karnataka,Mundargi,15.20677,75.8839
Karnataka,Mundgod,14.97144,75.03658
Karnataka,Munirabad,15.30928,76.3383
Karnataka,Murudeshwara,14.0943,74.4845
Karnataka,Mysuru,12.23,76.42
Karnataka,Nagamangala,12.81939,76.75456
Karnataka,Nanjangud,12.11764,76.68397
Karnataka,Narasimharajapura,13.61075,75.512
Karnataka,Naregal,15.57316,75.80805
Karnataka,Nargund,15.72299,75.38666
Karnataka,Navalgund,15.55877,75.35305
Karnataka,Nelamangala,13.09978,77.39364
Karnataka,Nyamti,14.14869,75.57641
Karnataka,Pangala,13.25,74.75
Karnataka,Pavugada,14.09953,77.28018
Karnataka,Piriyapatna,12.33497,76.10073
Karnataka,Ponnampet,12.14473,75.94514
Karnataka,Puttur,12.75975,75.20169
Karnataka,Rabkavi,16.47567,75.1106
Karnataka,Raichur,16.16,76.91
Karnataka,Ramanagara,12.65,77.35
Karnataka,Ranibennur,14.62239,75.62951
Karnataka,Raybag,16.49178,74.77391
Karnataka,Robertsonpet,12.95629,78.27539
Karnataka,Ron,15.69935,75.73408
Karnataka,Sadalgi,16.5587,74.53211
Karnataka,Sagar,14.16498,75.02901
Karnataka,Sakleshpur,12.94119,75.78467
Karnataka,Sandur,15.08613,76.54692
Karnataka,Sanivarsante,12.72824,75.88669
Karnataka,Sankeshwar,16.25649,74.48195
Karnataka,Sargur,11.99971,76.39611
Karnataka,Saundatti,15.76615,75.11778
Karnataka,Savanur,14.97335,75.33724
Karnataka,Seram,17.17859,77.28998
Karnataka,Shahabad,17.1307,76.94361
Karnataka,Shahpur,16.69605,76.8422
Karnataka,Shiggaon,14.99053,75.22499
Karnataka,Shikarpur,14.2698,75.35643
Karnataka,Shimoga,14.05,75.16
Karnataka,Shirhatti,15.23352,75.57996
Karnataka,Shorapur,16.521,76.75738
Karnataka,Shrirangapattana,12.42264,76.68439
Karnataka,Siddapur,14.34322,74.894
Karnataka,Sidlaghatta,13.38896,77.86444
Karnataka,Sindgi,16.91883,76.23368
Karnataka,Sindhnur,15.76983,76.75581
Karnataka,Sira,13.74155,76.9043
Karnataka,Sirsi,14.62072,74.83554
Karnataka,Siruguppa,15.63,76.89217
Karnataka,Someshwar,13.49112,75.06646
Karnataka,Somvarpet,12.59698,75.84957
Karnataka,Sorab,14.38144,75.09183
Karnataka,Sravana Belgola,12.85737,76.48886
Karnataka,Sringeri,13.41698,75.25271
Karnataka,Srinivaspur,13.33914,78.21175
Karnataka,Sulya,12.561,75.38741
Karnataka,Suntikoppa,12.45594,75.8297
Karnataka,Talikota,16.47311,76.31085
Karnataka,Tarikere,13.70954,75.81382
Karnataka,Tekkalakote,15.53444,76.87703
Karnataka,Terdal,16.49379,75.04667
Karnataka,Tiptur,13.2563,76.47768
Karnataka,Tirthahalli,13.68835,75.24548
Karnataka,Tirumakudal Narsipur,12.21207,76.9018
Karnataka,Tumakuru,13.5,77.0
Karnataka,Turuvekere,13.16374,76.66641
Karnataka,Udupi,13.5,74.87
Karnataka,Ullal,12.80569,74.86058
Karnataka,Uttar Kannada,14.88333,74.58333
Karnataka,Vadigenhalli,13.29724,77.80184
Karnataka,Vijayapura,16.82442,75.71537
Karnataka,Virarajendrapet,12.19644,75.80512
Karnataka,Wadi,17.05183,76.99048
Karnataka,Yadgir,16.73,76.94
Karnataka,Yelahanka,13.10073,77.59632
Karnataka,Yelandur,12.04629,77.03034
Karnataka,Yelbarga,15.61545,76.01184
Karnataka,Yellapur,14.9637,74.70929
Kerala,Adur,9.15595,76.73192
Kerala,Alappuzha,9.49004,76.3264
Kerala,Aluva,10.10764,76.35158
Kerala,Alwaye,10.10649,76.35484
Kerala,Angamali,10.19055,76.38789
Kerala,Aroor,9.8694,76.30498
Kerala,Arukutti,9.86667,76.35
Kerala,Attingal,8.69609,76.81507
Kerala,Avanoor,10.60826,76.1762
Kerala,Azhikkal,11.91524,75.34761
Kerala,Badagara,11.59776,75.58142
Kerala,Beypore,11.17151,75.80611
Kerala,Changanacheri,9.44203,76.53604
Kerala,Chēlakara,10.69289,76.34387
Kerala,Chengannur,9.31575,76.61513
Kerala,Cherpulassery,10.87655,76.30932
Kerala,Cherthala,9.68444,76.33558
Kerala,Chetwayi,10.52885,76.04793
Kerala,Chittur,10.69967,76.7471
Kerala,Cochin,9.93988,76.26022
Kerala,Dharmadam,11.77538,75.46459
Kerala,Edakkulam,10.6102,76.18352
Kerala,Elur,10.06667,76.28333
Kerala,Erattupetta,9.68747,76.77891
Kerala,Ernakulam,10.0,76.5
Kerala,Ferokh,11.17989,75.84141
Kerala,Guruvayur,10.5943,76.0411
Kerala,Idukki,10.0,77.0
Kerala,Iringal,11.55929,75.61663
Kerala,Irinjalakuda,10.34238,76.21124
Kerala,Kadakkavoor,8.67921,76.76714
Kerala,Kalamassery,10.0614,76.32631
Kerala,Kalavoor,9.57046,76.32756
Kerala,Kalpatta,11.60871,76.08343
Kerala,Kannangad,12.30814,75.10632
Kerala,Kannavam,11.8445,75.66266
Kerala,Kannur,12.16667,75.33333
Kerala,Kasaragod,12.49838,74.98959
Kerala,Kasaragod District,12.49246,74.99062
Kerala,Kattanam,9.17614,76.56325
Kerala,Kayankulam,9.18173,76.50093
Kerala,Kizhake Chalakudi,10.30067,76.33763
Kerala,Kodungallur,10.23263,76.19513
Kerala,Kollam,8.88113,76.58469
Kerala,Kotamangalam,10.06435,76.62843
Kerala,Kottayam,9.66667,76.66667
Kerala,Kovalam,8.36667,76.99667
Kerala,Kozhikode,11.5,76.0
Kerala,Kumbalam,9.9063,76.31127
Kerala,Kunnamangalam,11.30459,75.87772
Kerala,Kunnamkulam,10.64667,76.06695
Kerala,Kunnumma,9.35672,76.41343
Kerala,Kutiatodu,9.8,76.33333
Kerala,Kuttampuzha,10.15033,76.73544
Kerala,Lalam,9.71667,76.7
Kerala,Mahē,11.70172,75.53474
Kerala,Malappuram,11.0,76.16667
Kerala,Manjeri,11.12018,76.11996
Kerala,Manjēshvar,12.71287,74.88857
Kerala,Mannarakkat,10.99223,76.46418
Kerala,Marayur,10.27641,77.16205
Kerala,Mattanur,11.93018,75.57152
Kerala,Mavelikara,9.25929,76.55642
Kerala,Mavoor,11.26667,75.91667
Kerala,Muluppilagadu,11.79788,75.45111
Kerala,Munnar,10.08818,77.06239
Kerala,Muvattupula,9.98493,76.57728
Kerala,Muvattupuzha,9.97985,76.57381
Kerala,Nadapuram,11.68465,75.65493
Kerala,Naduvannur,11.48772,75.77511
Kerala,Nedumangad,8.60267,77.00139
Kerala,Neyyattinkara,8.39854,77.08586
Kerala,Nilēshwar,12.25953,75.1352
Kerala,Ottappalam,10.7735,76.37758
Kerala,Palackattumala,9.74356,76.6294
Kerala,Palakkad district,10.775,76.651
Kerala,Palghat,10.77319,76.65366
Kerala,Panamaram,11.74014,76.07369
Kerala,Pappinisshēri,11.95655,75.34034
Kerala,Paravur Tekkumbhagam,8.7947,76.66798
Kerala,Pariyapuram,11.01667,75.86667
Kerala,Pathanamthitta,9.26667,76.78333
Kerala,Pattanamtitta,9.28068,76.86967
Kerala,Payyannur,12.0935,75.20249
Kerala,Perumbavoor,10.10695,76.47366
Kerala,Perumpavur,10.11544,76.47611
Kerala,Perya,11.83334,75.85408
Kerala,Piravam,9.86667,76.5
Kerala,Ponmana,9.00798,76.52023
Kerala,Ponnani,10.76695,75.92523
Kerala,Punalur,9.01956,76.92261
Kerala,Ramamangalam,9.93333,76.5
Kerala,Shertallai,9.68581,76.33996
Kerala,Shōranur,10.76181,76.27078
Kerala,Talipparamba,12.04161,75.35927
Kerala,Tellicherry,11.74811,75.4929
Kerala,Thanniyam,10.41667,76.13333
Kerala,Thiruvananthapuram,8.60399,76.98574
Kerala,Thrissur,10.51667,76.21667
Kerala,Thrissur District,10.52022,76.2204
Kerala,Tirur,10.91368,75.92118
Kerala,Tiruvalla,9.3816,76.57489
Kerala,Vaikam,9.74858,76.39637
Kerala,Varkala,8.7333,76.7167
Kerala,Vayalar,9.71158,76.33888
Kerala,Vettur,8.71742,76.72582
Kerala,Wayanad,11.605,76.083
Ladakh,Kargil,34.55765,76.12622
Ladakh,Leh,34.16504,77.58402
Lakshadweep,Kavaratti,10.56688,72.64203
Madhya Pradesh,Agar,23.71177,76.01571
Madhya Pradesh,Ajaigarh,24.89879,80.25921
Madhya Pradesh,Akodia,23.38027,76.59875
Madhya Pradesh,Alampur,26.02514,78.79697
Madhya Pradesh,Alirajpur,22.31384,74.36452
Madhya Pradesh,Alot,23.76336,75.55662
Madhya Pradesh,Amanganj,24.42664,80.03579
Madhya Pradesh,Amarkantak,22.67486,81.75908
Madhya Pradesh,Amarpatan,24.31371,80.97703
Madhya Pradesh,Amarwara,22.2978,79.16943
Madhya Pradesh,Ambah,26.70423,78.22678
Madhya Pradesh,Amla,21.92485,78.12786
Madhya Pradesh,Anjad,22.04171,75.05519
Madhya Pradesh,Antri,26.05804,78.21027
Madhya Pradesh,Anuppur,23.05674,81.68399
Madhya Pradesh,Aron,24.38109,77.41739
Madhya Pradesh,Ashoknagar,24.58,77.73
Madhya Pradesh,Ashta,23.01754,76.72208
Madhya Pradesh,Babai,22.70256,77.93494
Madhya Pradesh,Badarwas,24.97516,77.5649
Madhya Pradesh,Badnawar,23.02181,75.23268
Madhya Pradesh,Bag,22.35905,74.79052
Madhya Pradesh,Bagli,22.64124,76.34877
Madhya Pradesh,Baihar,22.10133,80.54967
Madhya Pradesh,Baikunthpur,24.72768,81.40975
Madhya Pradesh,Bakshwaho,24.25106,79.28618
Madhya Pradesh,Balaghat,21.96667,80.33333
Madhya Pradesh,Baldeogarh,24.75619,79.06715
Madhya Pradesh,Bamna,23.09454,74.76164
Madhya Pradesh,Bamor Kalan,24.89298,78.15105
Madhya Pradesh,Bamora,24.05539,78.08925
Madhya Pradesh,Banda,24.04488,78.96094
Madhya Pradesh,Barela,23.09678,80.05084
Madhya Pradesh,Barghat,22.03065,79.7328
Madhya Pradesh,Bargi,22.99138,79.8755
Madhya Pradesh,Barhi,23.90326,80.81516
Madhya Pradesh,Barwani,22.02485,74.91805
Madhya Pradesh,Basoda,23.85153,77.93652
Madhya Pradesh,Begamganj,23.59917,78.34064
Madhya Pradesh,Beohari,24.02423,81.37831
Madhya Pradesh,Berasia,23.63134,77.43351
Madhya Pradesh,Betma,22.68653,75.61456
Madhya Pradesh,Betul,21.83333,77.83333
Madhya Pradesh,Betul Bazar,21.85572,77.92913
Madhya Pradesh,Bhabhra,22.53048,74.32846
Madhya Pradesh,Bhainsdehi,21.64491,77.63023
Madhya Pradesh,Bhander,25.73581,78.74555
Madhya Pradesh,Bhanpura,24.513,75.7469
Madhya Pradesh,Bhawaniganj,24.41582,75.83552
Madhya Pradesh,Bhikangaon,21.86764,75.96391
Madhya Pradesh,Bhind,26.5,78.75
Madhya Pradesh,Bhitarwar,25.79216,78.11085
Madhya Pradesh,Bhopal,23.25469,77.40289
Madhya Pradesh,Biaora,23.9205,76.91074
Madhya Pradesh,Bijawar,24.62351,79.48994
Madhya Pradesh,Bijrauni,24.93296,77.64352
Madhya Pradesh,Bodri,23.16524,81.43262
Madhya Pradesh,Burhanpur,21.31,76.23
Madhya Pradesh,Burhar,23.21494,81.53204
Madhya Pradesh,Chanderi,24.71312,78.13809
Madhya Pradesh,Chandia,23.65647,80.70911
Madhya Pradesh,Chandla,25.07148,80.19294
Madhya Pradesh,Chhatarpur,24.75,79.75
Madhya Pradesh,Chhindwara,22.05697,78.93958
Madhya Pradesh,Chichli,22.83363,78.82611
Madhya Pradesh,Chorhat,24.42743,81.66948
Madhya Pradesh,Daboh,26.00239,78.87658
Madhya Pradesh,Dabra,25.88572,78.33221
Madhya Pradesh,Damoh,23.75,79.58333
Madhya Pradesh,Datia,25.75,78.5
Madhya Pradesh,Deori Khas,23.39017,79.0163
Madhya Pradesh,Depalpur,22.85095,75.54224
Madhya Pradesh,Dewas,23.0,76.16667
Madhya Pradesh,Dhamnod,22.20928,75.47057
Madhya Pradesh,Dhana,23.74697,78.86234
Madhya Pradesh,Dhar,22.59373,75.29774
Madhya Pradesh,Dharampuri,22.14951,75.34439
Madhya Pradesh,Dindori,22.8,81.1
Madhya Pradesh,Etawa,24.18351,78.20289
Madhya Pradesh,Gadarwara,22.9235,78.7849
Madhya Pradesh,Garha Brahman,23.86873,77.35731
Madhya Pradesh,Garhakota,23.7791,79.14321
Madhya Pradesh,Gautampura,22.98664,75.51921
Madhya Pradesh,Ghansor,22.65976,79.95013
Madhya Pradesh,Gogapur,23.55746,75.51665
Madhya Pradesh,Gohadi,26.43278,78.44205
Madhya Pradesh,Govindgarh,24.37845,81.29644
Madhya Pradesh,Guna,24.55464,77.20082
Madhya Pradesh,Gurh,24.50265,81.50037
Madhya Pradesh,Gwalior,26.22983,78.17337
Madhya Pradesh,Harda,22.23406,76.96431
Madhya Pradesh,Harda Khas,22.34414,77.09536
Madhya Pradesh,Harpalpur,25.28773,79.33279
Madhya Pradesh,Harrai,22.61428,79.22207
Madhya Pradesh,Harsud,22.09947,76.73423
Madhya Pradesh,Hatod,22.79378,75.73928
Madhya Pradesh,Hatta,24.13406,79.60119
Madhya Pradesh,Hindoria,23.90345,79.56861
Madhya Pradesh,Hoshangabad,22.58827,77.98887
Madhya Pradesh,Iawar,23.00943,76.5007
Madhya Pradesh,Ichhawar,23.02816,77.01729
Madhya Pradesh,Iklehra,23.14667,76.39044
Madhya Pradesh,Indore,22.66667,75.75
Madhya Pradesh,Isagarh,24.83906,77.88274
Madhya Pradesh,Itarsi,22.61477,77.76222
Madhya Pradesh,Jabalpur,23.16,79.95
Madhya Pradesh,Jaisinghnagar,23.68582,81.39085
Madhya Pradesh,Jaithari,23.20856,78.61487
Madhya Pradesh,Jamai,22.19644,78.59191
Madhya Pradesh,Jaora,23.63783,75.12711
Madhya Pradesh,Jatara,25.00964,79.04869
Madhya Pradesh,Jawad,24.59916,74.86261
Madhya Pradesh,Jhabua,22.76772,74.59087
Madhya Pradesh,Jiran,24.30871,74.89087
Madhya Pradesh,Jobat,22.41599,74.56828
Madhya Pradesh,Kailaras,26.30498,77.616
Madhya Pradesh,Kaimori,23.38465,79.7442
Madhya Pradesh,Kannod,22.66764,76.74286
Madhya Pradesh,Kareli,22.91533,79.06378
Madhya Pradesh,Karera,25.45815,78.13583
Madhya Pradesh,Karrapur,23.94891,78.86584
Madhya Pradesh,Kasrawad,22.12745,75.61101
Madhya Pradesh,Katangi,21.77369,79.80513
Madhya Pradesh,Katni,23.83555,80.39417
Madhya Pradesh,Khachrod,23.42322,75.28185
Madhya Pradesh,Khailar,25.34127,78.53133
Madhya Pradesh,Khajuraho Group of Monuments,24.84809,79.93351
Madhya Pradesh,Khamaria,23.22558,79.88007
Madhya Pradesh,Khandwa,21.82427,76.35086
Madhya Pradesh,Khandwa district,21.75,76.58333
Madhya Pradesh,Khargapur,24.823,79.144
Madhya Pradesh,Khargone,21.82306,75.61028
Madhya Pradesh,Khategaon,22.59573,76.9133
Madhya Pradesh,Khilchipur,24.03943,76.578
Madhya Pradesh,Khirkiyan,22.16732,76.86137
Madhya Pradesh,Khujner,23.78597,76.61773
Madhya Pradesh,Khurai,24.04372,78.33014
Madhya Pradesh,Kolaras,25.21928,77.61167
Madhya Pradesh,Korwai,24.11774,78.04007
Madhya Pradesh,Kotar,24.69802,80.98073
Madhya Pradesh,Kothi,24.7526,80.77751
Madhya Pradesh,Kotma,23.20383,81.97904
Madhya Pradesh,Kotwa,25.0308,81.31908
Madhya Pradesh,Kukshi,22.20677,74.75788
Madhya Pradesh,Kumbhraj,24.37338,77.04841
Madhya Pradesh,Lahar,26.19401,78.94137
Madhya Pradesh,Lakhnadon,22.60049,79.60094
Madhya Pradesh,Leteri,24.05979,77.40858
Madhya Pradesh,Lodhikheda,21.58235,78.85911
Madhya Pradesh,Machalpur,24.12767,76.31672
Madhya Pradesh,Madhogarh,24.56401,80.91126
Madhya Pradesh,Maheshwar,22.17592,75.58715
Madhya Pradesh,Mahgawan,26.49471,78.61593
Madhya Pradesh,Maihar,24.26594,80.76063
Madhya Pradesh,Majholi,23.50114,79.92396
Madhya Pradesh,Maksi,23.25999,76.14567
Madhya Pradesh,Malhargarh,24.28286,74.99024
Madhya Pradesh,Manasa,24.47764,75.14095
Madhya Pradesh,Manawar,22.23566,75.08917
Madhya Pradesh,Mandideep,23.08166,77.53328
Madhya Pradesh,Mandla,22.64041,80.51344
Madhya Pradesh,Mandleshwar,22.17598,75.65995
Madhya Pradesh,Mandsaur,24.33333,75.25
Madhya Pradesh,Mangawan,24.66754,81.54644
Madhya Pradesh,Manpur,22.43151,75.62107
Madhya Pradesh,Mau,26.26584,78.67108
Madhya Pradesh,Mauganj,24.66721,81.87339
Madhya Pradesh,Mihona,26.28373,78.98048
Madhya Pradesh,Mohgaon,21.63941,78.73638
Madhya Pradesh,Morar,26.2264,78.22482
Madhya Pradesh,Morena,26.16667,77.5
Madhya Pradesh,Multai,21.77463,78.25756
Madhya Pradesh,Mundi,22.06693,76.49326
Madhya Pradesh,Mungaoli,24.40837,78.09588
Madhya Pradesh,Murwara,23.83776,80.39405
Madhya Pradesh,Nagda,23.45834,75.41759
Madhya Pradesh,Nagod,24.56924,80.58809
Madhya Pradesh,Naigarhi,24.78686,81.77868
Madhya Pradesh,Nainpur,22.42996,80.10561
Madhya Pradesh,Namli,23.46115,75.06036
Madhya Pradesh,Naraini,25.19033,80.475
Madhya Pradesh,Narayangarh,24.27083,75.05007
Madhya Pradesh,Narsimhapur,22.91667,79.16667
Madhya Pradesh,Narsinghgarh,23.70758,77.09319
Madhya Pradesh,Narwar,25.6439,77.9129
Madhya Pradesh,Nasrullahganj,22.6837,77.27069
Madhya Pradesh,Neemuch,24.47,74.87
Madhya Pradesh,Nepanagar,21.4538,76.39335
Madhya Pradesh,Orchha,25.35192,78.64033
Madhya Pradesh,Pachmarhi,22.46791,78.43312
Madhya Pradesh,Palera,25.02013,79.22818
Madhya Pradesh,Pali,23.36453,81.04374
Madhya Pradesh,Panagar,23.28539,79.99509
Madhya Pradesh,Panara,22.20568,78.55093
Madhya Pradesh,Pandhana,21.69816,76.22487
Madhya Pradesh,Pandhurna,21.59556,78.52628
Madhya Pradesh,Panna,24.5,80.25
Madhya Pradesh,Pansemal,21.65981,74.69937
Madhya Pradesh,Parasia,22.1913,78.75904
Madhya Pradesh,Patan,23.28636,79.68962
Madhya Pradesh,Patharia,23.89921,79.19393
Madhya Pradesh,Pawai,24.26635,80.16196
Madhya Pradesh,Petlawad,23.01102,74.79772
Madhya Pradesh,Piploda,23.35,75.43333
Madhya Pradesh,Pithampur,22.60197,75.69649
Madhya Pradesh,Porsa,26.67444,78.37081
Madhya Pradesh,Punasa,22.23507,76.39335
Madhya Pradesh,Raghogarh,24.44318,77.19768
Madhya Pradesh,Rahatgarh,23.78968,78.39473
Madhya Pradesh,Raisen,23.25,78.08333
Madhya Pradesh,Rajgarh,22.67821,74.94483
Madhya Pradesh,Rajnagar,24.88929,79.91178
Madhya Pradesh,Rajpur,22.30393,74.35568
Madhya Pradesh,Rampura,24.467,75.43996
Madhya Pradesh,Ranapur,22.64704,74.52118
Madhya Pradesh,Ratangarh,24.81667,75.11667
Madhya Pradesh,Ratlam,23.33033,75.04032
Madhya Pradesh,Rehli,23.63722,79.06275
Madhya Pradesh,Rehti,22.73781,77.43399
Madhya Pradesh,Rewa,24.53256,81.29234
Madhya Pradesh,Sabalgarh,26.24918,77.40786
Madhya Pradesh,Sagar,23.75,78.75
Madhya Pradesh,Sailana,23.46219,74.92318
Madhya Pradesh,Sanawad,22.17391,76.06993
Madhya Pradesh,Sanchi,23.48646,77.7378
Madhya Pradesh,Sanwer,22.97415,75.8271
Madhya Pradesh,Sarangpur,23.56651,76.47306
Madhya Pradesh,Satna,24.5,81.0
Madhya Pradesh,Satwas,22.53628,76.68452
Madhya Pradesh,Saugor,23.83877,78.73874
Madhya Pradesh,Sausar,21.65576,78.79669
Madhya Pradesh,Sehore,23.2,77.08333
Madhya Pradesh,Sendhwa,21.68562,75.09622
Madhya Pradesh,Seondha,26.15422,78.7812
Madhya Pradesh,Seoni,22.08503,79.55037
Madhya Pradesh,Seoni Malwa,22.45046,77.4665
Madhya Pradesh,Shahdol,23.5,81.5
Madhya Pradesh,Shahgarh,24.31365,79.11806
Madhya Pradesh,Shahpur,21.23742,76.22558
Madhya Pradesh,Shahpura,23.13663,79.66402
Madhya Pradesh,Shajapur,23.5,76.25
Madhya Pradesh,Shamgarh,24.18817,75.63903
Madhya Pradesh,Sheopur,25.8,77.0
Madhya Pradesh,Shivpuri,25.42378,77.66223
Madhya Pradesh,Shujalpur,23.40673,76.7098
Madhya Pradesh,Sidhi,24.25,82.0
Madhya Pradesh,Sihora,23.4871,80.10404
Madhya Pradesh,Simaria,24.79497,81.152
Madhya Pradesh,Singoli,24.96667,75.3
Madhya Pradesh,Singrauli,24.19973,82.67535
Madhya Pradesh,Sirmaur,24.83648,81.36448
Madhya Pradesh,Sironj,24.10313,77.69055
Madhya Pradesh,Sitamau,24.01473,75.35324
Madhya Pradesh,Sohagi,24.98181,81.69558
Madhya Pradesh,Sohagpur,22.70055,78.19522
Madhya Pradesh,Sultanpur,23.13812,77.93404
Madhya Pradesh,Susner,23.94667,76.08825
Madhya Pradesh,Tal,23.71979,75.38514
Madhya Pradesh,Talen,23.56949,76.72821
Madhya Pradesh,Tarana,23.33383,76.04253
Madhya Pradesh,Tekanpur,25.99401,78.28322
Madhya Pradesh,Tendukheda,23.3962,79.53947
Madhya Pradesh,Teonthar,24.98207,81.64194
Madhya Pradesh,Thandla,23.00959,74.57747
Madhya Pradesh,Tikamgarh,24.74327,78.83061
Madhya Pradesh,Tirodi,21.68522,79.71906
Madhya Pradesh,Udaipura,23.07434,78.51108
Madhya Pradesh,Ujjain,23.41667,75.5
Madhya Pradesh,Ukwa,21.97102,80.46625
Madhya Pradesh,Umaria,23.52473,80.83716
Madhya Pradesh,Umaria District,23.52874,80.83054
Madhya Pradesh,Umri,26.51056,78.93667
Madhya Pradesh,Unhel,23.33794,75.55931
Madhya Pradesh,Vidisha,23.91667,78.0
Madhya Pradesh,Waraseoni,21.76184,80.04301
Maharashtra,Achalpur,21.25665,77.51006
Maharashtra,Adawad,21.21666667,75.45
Maharashtra,Agar Panchaitan,18.173692,72.988533
Maharashtra,Aheri,19.41166667,80.00388889
Maharashtra,Ahiri,19.41386,80.00359
Maharashtra,Ahmadnagar,19.09457,74.73843
Maharashtra,Ahmadpur,18.70622,76.93731
Maharashtra,Ahmednagar,19.08333333,74.73333333
Maharashtra,Airoli,19.15096,72.99625
Maharashtra,Ajra,16.11601,74.21097
Maharashtra,Akalkot,17.52532,76.20611
Maharashtra,Akkalkot,17.51666667,76.2
Maharashtra,Akluj,17.88333333,75.01666667
Maharashtra,Akola,20.5,77.16667
Maharashtra,Akolner,18.98333333,74.66666667
Maharashtra,Akot,21.0963,77.0588
Maharashtra,Akrani,21.82423611,74.21687222
Maharashtra,Alandi,18.67756,73.89868
Maharashtra,Ale,19.17,74.12
Maharashtra,Alibag,18.64813,72.87579
Maharashtra,Alkuti,19.05,74.23
Maharashtra,Allapalli,19.43172,80.06377
Maharashtra,Amalner,21.03983,75.05887
Maharashtra,Amarnath,19.2,73.16667
Maharashtra,Ambad,19.61301,75.78906
Maharashtra,Ambajogai,18.73312,76.38616
Maharashtra,Ambarnath,19.209,73.186
Maharashtra,Ambegaon,19.11666667,73.73333333
Maharashtra,Amgaon,20.65,79.95
Maharashtra,Amravati,20.93333,77.75
Maharashtra,Amravati Division,20.93483,77.75694
Maharashtra,Andheri,19.11916667,72.84694444
Maharashtra,Andura,20.88333333,76.86666667
Maharashtra,Anjangaon,21.16516,77.3091
Maharashtra,Anjarle,17.85,73.09
Maharashtra,Anshing,20.0409,77.31501
Maharashtra,Arag,16.78,74.8
Maharashtra,Arangaon,19.02681,74.71487
Maharashtra,Ardhapur,19.28333333,77.38333333
Maharashtra,Argaon,16.778999,73.64553
Maharashtra,Artist Village,19.03227,73.04276
Maharashtra,Arvi,20.99585,78.22914
Maharashtra,Ashta,16.94943,74.40936
Maharashtra,Ashti,19.37671,76.2252
Maharashtra,Asoda,21.03333333,75.6
Maharashtra,Assaye,20.24512778,75.88739722
Maharashtra,Astagaon,19.66666667,74.5
Maharashtra,"Aundh, Satara",17.54583333,74.375
Maharashtra,Aurangabad,19.88467,75.33986
Maharashtra,Ausa,18.24728,76.4993
Maharashtra,Badlapur,19.15516,73.26553
Maharashtra,Badnapur,19.86666667,75.73333333
Maharashtra,Badnera,20.85463056,77.72931111
Maharashtra,Bagewadi,16.29,74.6
Maharashtra,Balapur,20.66612,76.77386
Maharashtra,"Balapur, Akola district",20.66612,76.77386
Maharashtra,Ballalpur,19.84696,79.34578
Maharashtra,Ballard Estate,18.95,72.84
Maharashtra,Ballarpur,19.83333333,79.35
Maharashtra,"Banda, Maharashtra",15.81273611,73.86132778
Maharashtra,Bandra,19.05444444,72.84055556
Maharashtra,Baner,18.56,73.79027778
Maharashtra,Bankot,17.98333333,73.05
Maharashtra,Baramati,18.15174,74.57767
Maharashtra,Barsi,18.23454,75.69275
Maharashtra,Basmat,19.32872,77.15746
Maharashtra,Basmath,19.3167,77.1667
Maharashtra,Bavdhan,18.53527778,73.78277778
Maharashtra,Bawanbir,21.08333333,76.71666667
Maharashtra,Beed,18.98921,75.75634
Maharashtra,"Bhadgaon, Maharashtra",20.16666667,75.23333333
Maharashtra,Bhandara,21.18333,80.0
Maharashtra,Bhandardara,19.52916667,73.75138889
Maharashtra,Bhandup,19.14,72.93
Maharashtra,Bhayandar,19.30157,72.85107
Maharashtra,Bhigvan,18.3007,74.76701
Maharashtra,Bhiwandi,19.30023,73.05881
Maharashtra,Bhiwapur,20.83555556,79.50111111
Maharashtra,Bhokar,19.217803,77.669392
Maharashtra,Bhokardan,20.27,75.77
Maharashtra,Bhoom,18.45972222,75.66083333
Maharashtra,Bhor,18.14861,73.84336
Maharashtra,Bhudgaon,16.90742,74.59954
Maharashtra,Bhugaon,18.501284,73.750161
Maharashtra,Bhum,18.45908,75.65877
Maharashtra,Bhusaval,21.04365,75.78506
Maharashtra,Bhusawal,21.05,75.77
Maharashtra,Bid,18.83333,75.75
Maharashtra,Bijur,13.84388889,74.63972222
Maharashtra,Bilashi,16.98333,74.03333
Maharashtra,Biloli,18.77385,77.72463
Maharashtra,Boisar,19.80362,72.75598
Maharashtra,Borgaon Manju,20.71944444,77.15277778
Maharashtra,Borivali,19.23,72.86
Maharashtra,Borivli,19.23496,72.85976
Maharashtra,Brahmapuri,20.6084,79.8559
Maharashtra,Breach Candy,18.967,72.805
Maharashtra,Buldana,20.58333,76.41667
Maharashtra,Buldhana,20.53333333,76.18333333
Maharashtra,Byculla,18.98,72.835
Maharashtra,Chakan,18.76059,73.86351
Maharashtra,Chakur,18.51305556,76.87527778
Maharashtra,Chalisgaon,20.45781,75.01596
Maharashtra,Chanda,19.95076,79.29523
Maharashtra,Chandgad,15.0,74.0
Maharashtra,Chandor,20.3306,74.24467
Maharashtra,Chandrapur,20.11793,79.44377
Maharashtra,Chandur,19.73444,79.17167
Maharashtra,Chandur Bazar,21.23853,77.74713
Maharashtra,Chausala,18.708692,75.691595
Maharashtra,Chembur,19.05871111,72.89969444
Maharashtra,Chicholi,21.46926,79.70151
Maharashtra,Chichondi Patil,19.0,74.91666667
Maharashtra,Chikhli (Buldhana),20.35046,76.25774
Maharashtra,Chikhli (Jalna),20.02193,75.78544
Maharashtra,Chimur,20.49694444,79.37666667
Maharashtra,Chinchani,19.87458,72.6851
Maharashtra,Chinchpokli,18.98333333,72.83333333
Maharashtra,Chiplun,17.53339,73.50935
Maharashtra,Chopda,21.24578,75.29946
Maharashtra,Colaba,18.91,72.81
Maharashtra,Dabhol,17.58971,73.18001
Maharashtra,Daddi,16.06666667,74.43333333
Maharashtra,Dahanu,19.96778,72.71263
Maharashtra,Dahivel,21.06666667,74.16666667
Maharashtra,Dapoli,17.75888889,73.18555556
Maharashtra,Darwha,20.31017,77.77257
Maharashtra,Daryapur,20.92489,77.32644
Maharashtra,Dattapur,20.78075,78.1407
Maharashtra,Daulatabad,19.93611,75.22148
Maharashtra,Daund,18.46515,74.58375
Maharashtra,Deccan Gymkhana,18.5184,73.8406
Maharashtra,Deglur,18.54777778,77.57722222
Maharashtra,Dehu,18.71851,73.76635
Maharashtra,Deolali,19.94404,73.83441
Maharashtra,Deolapar,21.58611111,79.36944444
Maharashtra,Deoli,20.6492,78.48023
Maharashtra,Deoni,18.26388889,77.08222222
Maharashtra,Deulgaon Raja,20.01757,76.03755
Maharashtra,Devrukh,17.065,73.61583333
Maharashtra,Dharangaon,21.01187,75.27407
Maharashtra,Dharavi,19.05,72.86667
Maharashtra,Dharmabad,18.89116,77.8494
Maharashtra,Dharur,18.82017,76.10937
Maharashtra,Dhawalpuri,19.16666667,74.51666667
Maharashtra,Dhule,21.06852,74.58837
Maharashtra,Dhulia,20.9013,74.77737
Maharashtra,Dighori,20.8862,79.9342
Maharashtra,Diglur,18.54829,77.57695
Maharashtra,Digras,20.1035,77.71846
Maharashtra,"Dindori, Maharashtra",20.2,73.83305556
Maharashtra,Diveagar,18.17333333,72.99166667
Maharashtra,Dombivli,19.21667,73.08333
Maharashtra,Dondaicha,21.3236,74.56804
Maharashtra,Dongri,19.28333333,72.78333333
Maharashtra,Dudhani,17.35792,76.36688
Maharashtra,Durgapur,20.0054,79.30273
Maharashtra,"Durgapur, Chandrapur",20.0,79.3
Maharashtra,Erandol,20.92206,75.32641
Maharashtra,Faizpur,21.16766,75.86006
Maharashtra,Fort,18.935,72.8359
Maharashtra,Gadchiroli,19.8,80.2
Maharashtra,Gadhinglaj,16.22291,74.3501
Maharashtra,Gangakher,18.96962,76.74946
Maharashtra,Gangapur,19.69718,75.01045
Maharashtra,Ganpatipule,17.1448,73.2666
Maharashtra,Gevrai,19.26372,75.75007
Maharashtra,Ghargaon,18.748684,74.636734
Maharashtra,Ghatanji,20.14183,78.31333
Maharashtra,Ghatkopar,19.08,72.91
Maharashtra,Ghoti Budrukh,19.71641,73.62821
Maharashtra,Ghugus,19.9381,79.11192
Maharashtra,Girgaon,18.953,72.813
Maharashtra,Gondia,21.45,80.2
Maharashtra,Gondiya,21.05,80.25
Maharashtra,Gorai,19.250057,72.782021
Maharashtra,Goregaon,18.15483,73.29147
Maharashtra,Guhagar,17.48415,73.19289
Maharashtra,"Hadapsar, Pune",18.49666667,73.94166667
Maharashtra,Hadgaon,19.49552,77.65863
Maharashtra,Halkarni,16.16666667,74.46666667
Maharashtra,Harangul,18.9,76.66666667
Maharashtra,Harnai,17.8134,73.09668
Maharashtra,Helwak,17.385,73.735
Maharashtra,Hinganghat,20.54875,78.83978
Maharashtra,Hingoli,19.7,77.15
Maharashtra,Hirapur,21.53,79.77
Maharashtra,Hirapur Hamesha,21.55546,79.78581
Maharashtra,Hotgi,17.58333333,75.98333333
Maharashtra,Ichalkaranji,16.69117,74.46054
Maharashtra,Igatpuri,19.69522,73.5626
Maharashtra,Indapur,18.3,73.25
Maharashtra,Jaisingpur,16.77639,74.55361
Maharashtra,Jaitapur,16.59,73.35
Maharashtra,Jakhangaon,17.64639,74.32111
Maharashtra,Jalgaon,21.00292,75.56602
Maharashtra,Jalgaon Jamod,21.05194,76.53464
Maharashtra,Jalkot,18.62916667,77.18111111
Maharashtra,Jalna,19.8,75.9
Maharashtra,Jamkhed,18.72,75.32
Maharashtra,Jamod,21.1,76.6
Maharashtra,Janephal,20.29361111,76.57583333
Maharashtra,Jaoli,17.9,76.4
Maharashtra,"Jat, Sangli",17.05,75.21666667
Maharashtra,Jategaon,19.91666667,73.65
Maharashtra,Jawhar,19.91213,73.22679
Maharashtra,Jaysingpur,16.78350556,74.56644167
Maharashtra,Jejuri,18.27658,74.16008
Maharashtra,Jintur,19.61186,76.6874
Maharashtra,Jogeshwari,19.12,72.85
Maharashtra,Juhu,19.1,72.83
Maharashtra,Junnar,19.20815,73.8752
Maharashtra,Kachurwahi,21.3333,79.3833
Maharashtra,Kadegaon,17.3,74.35
Maharashtra,Kadus,18.88333333,73.81666667
Maharashtra,Kagal,16.57702,74.31544
Maharashtra,Kaij,18.7,76.08333333
Maharashtra,Kalamb,19.04437,73.95554
Maharashtra,"Kalamb, Osmanabad",18.57416667,76.02166667
Maharashtra,Kalamboli,19.03333,73.1
Maharashtra,Kalamnuri,19.67386,77.31149
Maharashtra,Kalas,18.17241,74.79045
Maharashtra,Kali(DK),19.938778,77.732857
Maharashtra,Kalmeshwar,21.23219,78.91988
Maharashtra,Kalundri,18.9802,73.12708
Maharashtra,Kalyan,19.2437,73.13554
Maharashtra,Kalyani Nagar,18.5481,73.9033
Maharashtra,Kamargaon,20.61666667,77.5
Maharashtra,Kamatgi,16.119,75.8482
Maharashtra,Kamptee,21.2333,79.2
Maharashtra,Kamthi,21.21615,79.1973
Maharashtra,Kandri,21.4203,79.27663
Maharashtra,Kankauli,16.26609,73.71217
Maharashtra,Kankavli,16.28551111,73.68446111
Maharashtra,Kannad,20.25684,75.13786
Maharashtra,Karad,17.28937,74.18183
Maharashtra,Karajagi,17.11666667,75.58333333
Maharashtra,Karanja,20.48273,77.48857
Maharashtra,Karanja Lad,20.4833,77.4833
Maharashtra,Karjat,18.9107,73.32354
Maharashtra,Karkamb,17.8653,75.2964
Maharashtra,Karmala,18.4077,75.19386
Maharashtra,Kasara,19.6333,73.4833
Maharashtra,Kasoda,20.81666667,75.3
Maharashtra,Kati,17.96137,75.88895
Maharashtra,Katol,21.27388,78.5858
Maharashtra,Katral,17.16666667,75.63333333
Maharashtra,Khadki,18.5635,73.85205
Maharashtra,Khalapur,18.81666667,73.26666667
Maharashtra,Khallar,21.0402869,77.4656296
Maharashtra,Khamgaon,20.70738,76.56827
Maharashtra,Khanapur,17.26111111,74.70166667
Maharashtra,Khandala,18.05918056,74.01262778
Maharashtra,Khangaon,20.5,78.61666667
Maharashtra,Khapa,21.42243,78.98168
Maharashtra,Kharakvasla,18.43997,73.77545
Maharashtra,Kharda,18.63753,75.47513
Maharashtra,Kharghar,19.03614722,73.06172222
Maharashtra,Kharsundi,17.341585,74.775996
Maharashtra,Khed,17.71888,73.39693
Maharashtra,Khede,20.91,74.63
Maharashtra,Khetia,21.67124,74.58535
Maharashtra,Khoni,19.3113,73.0544
Maharashtra,Khopoli,18.78562,73.34589
Maharashtra,Khuldabad,20.00671,75.19245
Maharashtra,Kinwat,19.62557,78.1987
Maharashtra,Kodoli,16.87639,74.1909
Maharashtra,Kolhapur,16.69013,74.22981
Maharashtra,Kondalwadi,18.80727,77.77031
Maharashtra,Kondhali,21.15,78.61666667
Maharashtra,Kopar Khairane,19.10305556,73.01055556
Maharashtra,Kopargaon,19.88239,74.47605
Maharashtra,Kopela,18.83,80.23
Maharashtra,Koradi,21.24758,79.10575
Maharashtra,Koregaon,18.64573,74.05909
Maharashtra,Koynanagar,17.4,73.76667
Maharashtra,Kudal,16.01148,73.68867
Maharashtra,Kuhi,21.01082222,79.35242222
Maharashtra,Kurandvad,16.68317,74.58892
Maharashtra,Kurankhed,20.70194444,77.24972222
Maharashtra,Kurduvadi,18.09339,75.41567
Maharashtra,Kusumba,20.91666667,74.65
Maharashtra,Lakhandur,20.75,79.88333333
Maharashtra,Lanja,16.86086,73.54993
Maharashtra,Lasalgaon,20.1427,74.23946
Maharashtra,Latur,18.4,76.8
Maharashtra,Lavasa,18.40528056,73.50626944
Maharashtra,Lohogaon,18.59921,73.92701
Maharashtra,Lonar,19.98533,76.52046
Maharashtra,Lonavla,18.75275,73.40575
Maharashtra,Mahabaleshwar,17.56,73.4
Maharashtra,Mahad,18.08333,73.41667
Maharashtra,Mahape,19.11776,73.026938
Maharashtra,Mahim,19.035,72.84
Maharashtra,Maindargi,17.45739,76.2932
Maharashtra,Majalgaon,19.15988,76.20832
Maharashtra,Makhjan,17.2698,73.50031
Maharashtra,Malabar Hill,18.95,72.795
Maharashtra,Malad,19.18611111,72.84861111
Maharashtra,Malegaon,20.54966,74.53462
Maharashtra,Malkapur,17.26214,74.17574
Maharashtra,Malvan,16.05981,73.4629
Maharashtra,Manchar,19.00436,73.94346
Maharashtra,Mandangad,17.98333333,73.25
Maharashtra,Mandhal,20.95,79.46666667
Maharashtra,Mandwa,18.803,72.882
Maharashtra,Mangaon,18.23333333,73.28333333
Maharashtra,Mangrul Pir,20.31379,77.34178
Maharashtra,Manjlegaon,19.15,76.23
Maharashtra,Mankeshwar,18.35416667,75.63916667
Maharashtra,Mankhurd,19.05,72.93
Maharashtra,Manmad,20.25334,74.43755
Maharashtra,Manor,19.7244,72.90966
Maharashtra,Mansar,21.39602,79.2635
Maharashtra,Manwat,19.30133,76.49735
Maharashtra,Manwath,19.3,76.5
Maharashtra,Maregaon,20.1,78.81666667
Maharashtra,Mastiholi,16.08333333,74.55
Maharashtra,"Masur, India",17.4,74.15
Maharashtra,Matheran,18.98281,73.2652
Maharashtra,Matunga,19.01798056,72.84476389
Maharashtra,Mazagaon,18.97,72.85
Maharashtra,Mehekar,20.1505,76.56841
Maharashtra,Mehergaon,20.96666667,74.63333333
Maharashtra,Mehkar,20.15,76.575
Maharashtra,Mhasla,18.1334,73.11162
Maharashtra,Mhasvad,17.63359,74.78773
Maharashtra,Miraj,16.83,74.63
Maharashtra,Mohadi,21.30833333,79.675
Maharashtra,Mohol,17.8167,75.6667
Maharashtra,Mohpa,21.31012,78.82969
Maharashtra,Mokhada taluka,19.93333333,73.33333333
Maharashtra,"Mora, Maharashtra",18.889,72.934
Maharashtra,Moram,17.78812,76.47077
Maharashtra,Morsi,21.3403,78.01258
Maharashtra,Mowad,21.46475,78.45103
Maharashtra,Mudkhed,19.15657,77.50304
Maharashtra,Mukher,18.70636,77.36795
Maharashtra,Mul,20.06987,79.67826
Maharashtra,Mulher,20.78138889,74.06388889
Maharashtra,Mulund,19.17168056,72.956
Maharashtra,Mumbai,19.07283,72.88261
Maharashtra,Mumbai Suburban,19.12636,72.84897
Maharashtra,Murbad,19.25395,73.38993
Maharashtra,Murgud,16.39604,74.19142
Maharashtra,Murtajapur,20.73299,77.36694
Maharashtra,Murud (Raigad),18.32817,72.9621
Maharashtra,Murud (Ratnagiri),17.77494444,73.11815
Maharashtra,Murum,17.78777778,76.47
Maharashtra,Nadgaon,20.90101389,76.01396389
Maharashtra,Nagapur,18.87,76.43
Maharashtra,Nagothana,18.54225,73.13493
Maharashtra,Nagpur,21.14631,79.08491
Maharashtra,Nagpur Division,21.14911,79.10748
Maharashtra,Nala Sopara,19.4154,72.8613
Maharashtra,Naldurg,17.81667,76.28182
Maharashtra,Nalegaon,18.41666667,76.81666667
Maharashtra,Nampur,20.72861111,74.31083333
Maharashtra,Nanded,18.91667,77.5
Maharashtra,Nandgaon,20.3068,74.65501
Maharashtra,Nandnee,17.455,75.84555556
Maharashtra,Nandura,20.83333333,76.45972222
Maharashtra,Nandura Buzurg,20.83417,76.45924
Maharashtra,Nandurbar,21.37,74.2
Maharashtra,Narayangaon,19.07,73.97
Maharashtra,Nardana,21.2,74.81666667
Maharashtra,Nariman Point,18.92,72.83
Maharashtra,Narkhed,21.47,78.53
Maharashtra,Nashik,19.99727,73.79096
Maharashtra,Nashik Division,19.98295,73.78942
Maharashtra,Navapur,21.17,73.78
Maharashtra,Navi Mumbai,19.03681,73.01582
Maharashtra,Neral,19.02475,73.31688
Maharashtra,Nerur,15.98333333,73.65
Maharashtra,Nevasa,19.53333333,74.93333333
Maharashtra,Nighoj,18.95972222,74.27694444
Maharashtra,Nilanga,18.11675,76.75279
Maharashtra,Nipani,16.399,74.38285
Maharashtra,Niphad,20.0833,73.8
Maharashtra,Nira Narsingpur,17.9835,75.12396
Maharashtra,Osmanabad,18.25,76.16667
Maharashtra,Ozar,20.09473,73.92816
Maharashtra,Pabal,18.83083333,74.05277778
Maharashtra,Pachora,20.66727,75.35305
Maharashtra,"Pahur, Maharashtra",20.7,75.68333333
Maharashtra,Paithan,19.47506,75.38558
Maharashtra,Palghar,19.69693,72.76543
Maharashtra,"Pali, Raigad",18.541384,73.219965
Maharashtra,Palso,20.76666667,77.23333333
Maharashtra,Panchgani,17.92449,73.8008
Maharashtra,Pandharpur,17.67924,75.33098
Maharashtra,Pandhurli,19.829052,73.854745
Maharashtra,Panhala,16.8121,74.11007
Maharashtra,Panvel,18.98878,73.11013
Maharashtra,Parbhani,19.5,76.75
Maharashtra,Parel,18.99,72.84
Maharashtra,Parli Vaijnath,18.85057,76.53163
Maharashtra,Parner,19.003,74.438
Maharashtra,Parola,20.88098,75.11937
Maharashtra,Parseoni,21.38333333,79.15
Maharashtra,Partur,19.59925,76.21541
Maharashtra,Patan,17.37513,73.90143
Maharashtra,Pathardi,19.17279,75.17425
Maharashtra,Pathri,19.2588,76.43412
Maharashtra,Patur,20.46093,76.93725
Maharashtra,Paturda,20.95,76.71666667
Maharashtra,Paud,18.52416667,73.61583333
Maharashtra,Pauni,20.78,79.63
Maharashtra,Pawni,20.79229,79.63644
Maharashtra,Pedgaon,18.51166667,74.7075
Maharashtra,Peint,20.25844722,73.50305278
Maharashtra,Pen,18.73734,73.09603
Maharashtra,Phaltan,17.99113,74.43177
Maharashtra,Phulambri,20.1,75.41666667
Maharashtra,Piliv,17.678842,74.966412
Maharashtra,Pimpalgaon Baswant,20.16666667,73.98333333
Maharashtra,Pimpalgaon Raja,20.71666667,76.43333333
Maharashtra,Pimpri,18.62292,73.80696
Maharashtra,Pimpri-Chinchwad,18.62777778,73.81305556
Maharashtra,Pipri,19.79371,75.53519
Maharashtra,Powai,19.1164,72.90471
Maharashtra,Prabhadevi,19.016905,72.828649
Maharashtra,Prakasha,21.51666667,74.31666667
Maharashtra,Pulgaon,20.72204,78.32056
Maharashtra,Pune,18.51957,73.85535
Maharashtra,Pune Division,18.74673,73.75465
Maharashtra,Puntamba,19.75,74.63333333
Maharashtra,Pural,16.45,73.36666667
Maharashtra,Purna,19.1817,77.02566
Maharashtra,Pusad,19.91274,77.57838
Maharashtra,Radhanagari,16.41388889,73.99777778
Maharashtra,Rahata,19.71666667,74.48333333
Maharashtra,Rahimatpur,17.5921,74.19966
Maharashtra,Rahuri,19.39069,74.64979
Maharashtra,Raigarh,18.57,73.13
Maharashtra,Raireshwar,18.05,73.73333333
Maharashtra,Rajapur,16.65679,73.51701
Maharashtra,Rajgurunagar,18.86667,73.9
Maharashtra,Rajur,20.11087,78.89311
Maharashtra,Rajura,19.77947,79.36459
Maharashtra,Ralegaon,20.25,79.81
Maharashtra,Ramewadi,16.03333333,74.35
Maharashtra,Ramtek,21.39562,79.32725
Maharashtra,Ratnagiri,17.0,73.5
Maharashtra,Raver,21.24757,76.03509
Maharashtra,Renapur,18.51666667,76.6
Maharashtra,Renavi,17.26972222,74.61055556
Maharashtra,Revadanda,18.55363,72.92559
Maharashtra,Revdanda,18.55,72.93333333
Maharashtra,Risod,19.97671,76.78799
Maharashtra,Roha,18.43687,73.11964
Maharashtra,Sailu,19.47,76.47
Maharashtra,Sakol,18.2825,76.88444444
Maharashtra,Sakoli,21.08,79.98
Maharashtra,Sakri,20.99027778,74.31444444
Maharashtra,Samudrapur,20.65,78.96666667
Maharashtra,Sangameshwar,17.18694444,73.55305556
Maharashtra,Sangamner,19.56784,74.21154
Maharashtra,Sangli,17.11202,74.7699
Maharashtra,Sangola,17.43948,75.19379
Maharashtra,Sangole,17.43944444,75.19388889
Maharashtra,"Sangrampur, Maharashtra",21.03,76.68
Maharashtra,Saoli,20.08133056,79.78286111
Maharashtra,Saoner,21.3851,78.92155
Maharashtra,Sarangkheda,21.433273,74.526421
Maharashtra,Sasvad,18.34351,74.03102
Maharashtra,Saswad,18.55,74.0
Maharashtra,Satana,20.59483,74.20301
Maharashtra,Satara,17.68589,73.99333
Maharashtra,Satara Division,17.72601,74.06433
Maharashtra,Satpati,19.71666667,72.7
Maharashtra,Savantvadi,15.90413,73.82191
Maharashtra,Savda,21.15054,75.88938
Maharashtra,Savlaj,17.1,74.78
Maharashtra,Sawantvadi,16.0,73.75
Maharashtra,Selu,19.45512,76.44073
Maharashtra,Sevagram,20.73499167,78.66256944
Maharashtra,Sewri,19.0,72.86
Maharashtra,Shahada,21.54538,74.47106
Maharashtra,Shahapur,19.45231,73.32572
Maharashtra,Shedbal,16.68916667,74.75425556
Maharashtra,Shegaon,20.7932,76.69921
Maharashtra,Shevgaon,19.35,75.23333333
Maharashtra,Shikrapur,18.69361111,74.13805556
Maharashtra,Shiraguppi,16.61875,74.70907
Maharashtra,Shirala,16.98401111,74.12415278
Maharashtra,Shirdi,19.76616,74.47738
Maharashtra,Shirgaon,19.69589,72.71527
Maharashtra,Shirol,16.73333333,74.6
Maharashtra,Shirpur,21.34821,74.88035
Maharashtra,Shirud,20.71666667,74.9
Maharashtra,Shirwal,18.15059,73.97788
Maharashtra,Shivaji Nagar,18.53017,73.85263
Maharashtra,Shrigonda,18.61527,74.69895
Maharashtra,Sillod,20.30303,75.65284
Maharashtra,Sindewahi,20.28333333,79.65
Maharashtra,Sindhudurg,16.17,73.7
Maharashtra,Sindi,20.80509,78.88752
Maharashtra,Sindkheda,21.26666667,74.73333333
Maharashtra,Sinnar,19.84505,73.99866
Maharashtra,"Sion, Mumbai",19.04,72.86
Maharashtra,Sironcha,18.83,79.96
Maharashtra,Sirur,18.8276,74.37475
Maharashtra,"Sivala, East Godavari district",16.75722222,82.08861111
Maharashtra,Solapur,17.75,75.5
Maharashtra,Sonala,21.11666667,76.73333333
Maharashtra,Sonegaon,20.62915,78.69207
Maharashtra,Songir,21.08333333,74.78333333
Maharashtra,Sonvad,21.08333333,75.35
Maharashtra,Soygaon,20.59606,75.61765
Maharashtra,Srivardhan,18.04592,73.01552
Maharashtra,Surgana,20.55956,73.63747
Maharashtra,Taklibhan,19.6167,74.8
Maharashtra,Talbid,17.35,74.13
Maharashtra,Talegaon Dabhade,18.73502,73.67561
Maharashtra,Talegaon Dhamdhere,18.6678,74.1536
Maharashtra,Taloda,21.56128,74.21238
Maharashtra,Talode,21.56074167,74.83
Maharashtra,Tarapur,19.86499,72.68426
Maharashtra,Tardeo,18.97,72.81
Maharashtra,Tasgaon,17.037,74.60171
Maharashtra,Telhara,21.02694,76.83889
Maharashtra,Thalner,21.25,74.9667
Maharashtra,Thane,19.33333,73.25
Maharashtra,Trimbak,19.93268,73.52907
Maharashtra,Trombay,19.0,72.9
Maharashtra,Tuljapur,18.00804,76.07011
Maharashtra,Tumsar,21.38333,79.73333
Maharashtra,Udgir,18.39258,77.11756
Maharashtra,Ulhasnagar,19.21667,73.15
Maharashtra,Umarga,17.83841,76.62331
Maharashtra,Umarkhed,19.60144,77.68878
Maharashtra,Umred,20.85396,79.32466
Maharashtra,Uran,18.87813,72.93924
Maharashtra,Uruli Kanchan,18.48333333,74.13333333
Maharashtra,Vada,19.65347,73.14811
Maharashtra,Vadgaon,18.7486,73.641
Maharashtra,Vadner,20.25,74.0333
Maharashtra,Vaijapur,19.92672,74.7275
Maharashtra,Vairag,18.05,75.8
Maharashtra,Valsang,17.6,76.0833
Maharashtra,Vangaon,19.86666667,72.75
Maharashtra,Varangaon,21.01767,75.91042
Maharashtra,Vashi,19.08,73.01
Maharashtra,Vasind,19.40844,73.26285
Maharashtra,Vatul,16.75,73.6
Maharashtra,"Velas, Maharashtra",17.9585,73.0498
Maharashtra,Velneshwar,17.3833,73.2
Maharashtra,Vengurla,15.86125,73.63182
Maharashtra,Vijaydurg,16.5667,73.3333
Maharashtra,Vikhroli,19.11,72.94
Maharashtra,Vile Parle,19.1,72.83
Maharashtra,Vinchur,20.11666667,74.28333333
Maharashtra,Virar,19.45591,72.81136
Maharashtra,"Vita, Maharashtra",17.2711,74.5378
Maharashtra,Vite,17.27343,74.53792
Maharashtra,Wadala,19.02163056,72.86458889
Maharashtra,Wadgaon,18.7392,73.63945
Maharashtra,Wadner,20.84972222,76.33333333
Maharashtra,Wadwani,18.98333333,76.05
Maharashtra,Wagholi,17.9,74.083
Maharashtra,Wai,17.95276,73.89058
Maharashtra,Wakad,18.5993,73.7625
Maharashtra,Walgaon,20.9989,77.7064
Maharashtra,Walki,18.95,74.75
Maharashtra,Wani,20.05507,78.95313
Maharashtra,Wardha,20.73933,78.59784
Maharashtra,Warora,20.22885,79.00277
Maharashtra,Warud,21.47101,78.26965
Maharashtra,Washim,20.2,77.2
Maharashtra,Worli,19.0,72.815
Maharashtra,Yaval,21.16772,75.69762
Maharashtra,Yavatmal,20.15,78.35
Maharashtra,Yeola,20.0424,74.48944
Manipur,Bishnupur,24.60769,93.77998
Manipur,Churachandpur,24.33333,93.68333
Manipur,Imphal,24.80805,93.9442
Manipur,Kakching,24.4982,93.98126
Manipur,Mayang Imphal,24.60998,93.88873
Manipur,Moirang,24.4975,93.77791
Manipur,Phek,25.66667,94.5
Manipur,Senapati,25.26705,94.02237
Manipur,Tamenglong,24.97548,93.51563
Manipur,Thoubal,24.62205,94.01001
Manipur,Ukhrul,25.04828,94.35883
Manipur,Wangjing,24.58921,94.06386
Manipur,Yairipok,24.67792,94.04767
Meghalaya,Cherrapunji,25.30089,91.69619
Meghalaya,East Garo Hills,25.61372,90.62426
Meghalaya,East Jaintia Hills,25.35976,92.3668
Meghalaya,East Khasi Hills,25.3805,91.78905
Meghalaya,Mairang,25.56165,91.63602
Meghalaya,Mankachar,25.53347,89.86373
Meghalaya,Nongpoh,25.9023,91.87694
Meghalaya,Nongstoin,25.51704,91.26484
Meghalaya,North Garo Hills,25.89682,90.61602
Meghalaya,Ri-Bhoi,25.88997,91.82707
Meghalaya,Shillong,25.56892,91.88313
Meghalaya,South Garo Hills,25.30162,90.5853
Meghalaya,South West Garo Hills,25.47245,89.93399
Meghalaya,South West Khasi Hills,25.32155,91.29462
Meghalaya,Tura,25.51421,90.20239
Meghalaya,West Garo Hills,25.56794,90.22447
Meghalaya,West Jaintia Hills,25.5,92.25
Meghalaya,West Khasi Hills,25.54776,91.26957
Mizoram,Aizawl,23.8,92.9
Mizoram,Champhai,23.47444,93.32556
Mizoram,Darlawn,24.01336,92.92439
Mizoram,Khawhai,23.37807,93.12797
Mizoram,Kolasib,24.22388,92.67869
Mizoram,Kolasib district,24.22215,92.67697
Mizoram,Lawngtlai,22.53,92.9
Mizoram,Lunglei,22.9,92.75
Mizoram,Mamit,23.78492,92.46939
Mizoram,North Vanlaiphai,23.13227,93.06532
Mizoram,Saiha,22.49183,92.98143
Mizoram,Sairang,23.81034,92.65226
Mizoram,Saitlaw,23.97187,92.57454
Mizoram,Serchhip,23.28172,92.90039
Mizoram,Thenzawl,23.31667,92.75
Nagaland,Dimapur,25.77852,93.78508
Nagaland,Kohima,25.67467,94.11099
Nagaland,Mokokchung,26.31393,94.51675
Nagaland,Mon,26.75,94.83333
Nagaland,Peren,25.51276,93.73716
Nagaland,Phek,25.75,94.5
Nagaland,Tuensang,26.26704,94.82415
Nagaland,Tuensang District,26.25,94.75
Nagaland,Wokha,26.16667,94.25
Nagaland,Zunheboto,26.0,94.5
Odisha,Angul,20.84089,85.10192
Odisha,Angul District,20.84903,85.06079
Odisha,Asika,19.61114,84.65998
Odisha,Athagarh,20.51999,85.62965
Odisha,Bada Barabil,22.11186,85.38684
Odisha,Balangir,20.75,83.25
Odisha,Balasore,21.49266,86.93348
Odisha,Baleshwar,21.5,86.75
Odisha,Balimila,18.25167,82.10659
Odisha,Balugaon,20.17838,85.11327
Odisha,Banapur,19.77889,85.17033
Odisha,Banki,20.37912,85.52953
Odisha,Banposh,22.24834,84.81044
Odisha,Baragarh,21.33333,83.61667
Odisha,Barbil,22.10194,85.37752
Odisha,Bargarh,21.33348,83.61905
Odisha,Barpali,21.19005,83.58721
Odisha,Basudebpur,21.11974,86.72896
Odisha,Baud,20.83773,84.32618
Odisha,Baudh,20.833,84.333
Odisha,Belaguntha,19.88249,84.63801
Odisha,Bhadrak,21.0,86.6
Odisha,Bhadrakh,21.05447,86.5156
Odisha,Bhanjanagar,19.92719,84.58201
Odisha,Bhawanipatna,19.90717,83.16697
Odisha,Bhuban,20.88197,85.83334
Odisha,Bhubaneshwar,20.27241,85.83385
Odisha,Binka,21.02626,83.81197
Odisha,Birmitrapur,22.4,84.76667
Odisha,Bolanikhodan,22.11312,85.33645
Odisha,Brahmapur,19.31151,84.7929
Odisha,Brajarajnagar,21.81667,83.91667
Odisha,Buguda,19.80806,84.79084
Odisha,Burla,21.50976,83.87259
Odisha,Champua,22.06734,85.66463
Odisha,Chandbali,20.77519,86.74139
Odisha,Chatrapur,19.35574,84.98359
Odisha,Chikitigarh,19.20233,84.6145
Odisha,Chittarkonda,18.12533,82.1089
Odisha,Cuttack,20.5,86.25
Odisha,Daitari,21.1,85.75
Odisha,Deogarh,21.53827,84.73337
Odisha,Dhenkanal,20.75,85.5
Odisha,Digapahandi,19.37275,84.57184
Odisha,Gajapati,18.91,84.2
Odisha,Ganjam,19.38705,85.05079
Odisha,Gopalpur,19.25861,84.90517
Odisha,Gudari,19.34762,83.78128
Odisha,Gunupur,19.0804,83.80879
Odisha,Hinjilikatu,19.48166,84.74489
Odisha,Hirakud,21.52502,83.87275
Odisha,Jagatsinghapur,20.2557,86.17112
Odisha,Jagatsinghpur,20.2,86.3
Odisha,Jajpur,20.84149,86.31237
Odisha,Jaleshwar,21.80176,87.2225
Odisha,Jatani,20.15975,85.70742
Odisha,Jeypore,18.8563,82.5716
Odisha,Jharsuguda,21.85531,84.00698
Odisha,Jharsuguda District,21.85,84.0
Odisha,Kaintragarh,20.72115,84.53514
Odisha,Kalahandi,19.75,83.0
Odisha,Kamakhyanagar,20.93385,85.54489
Odisha,Kandhamal,20.3,84.0
Odisha,Kantabanji,20.46709,82.92042
Odisha,Kantilo,20.36152,85.19212
Odisha,Kendrapara,20.5,86.5
Odisha,Kendraparha,20.50166,86.42227
Odisha,Kendujhar,21.5,85.5
Odisha,Kesinga,20.18778,83.21949
Odisha,Khallikot,19.60908,85.08609
Odisha,Kharhial,20.28845,82.7606
Odisha,Khordha,20.2,85.6
Odisha,Khurda,20.18268,85.61629
Odisha,Kiri Buru,22.08333,85.35
Odisha,Kodala,19.62425,84.94075
Odisha,Konarka,19.89758,86.11413
Odisha,Koraput,19.0,83.0
Odisha,Kuchaiburi,22.26675,86.17385
Odisha,Kuchinda,21.74356,84.34848
Odisha,Malakanagiri,18.36428,81.888
Odisha,Malkangiri,18.25,81.95
Odisha,Mayurbhanj,21.75,86.5
Odisha,Nabarangpur,19.2333,82.55
Odisha,Nayagarh,20.12882,85.09626
Odisha,Nayagarh District,20.13,85.1
Odisha,Nilgiri,21.46235,86.76794
Odisha,Nimaparha,20.05756,86.00436
Odisha,Nowrangapur,19.23114,82.54826
Odisha,Nuapada,20.6,82.5
Odisha,Padampur,20.99932,83.06325
Odisha,Paradip Garh,20.31641,86.6085
Odisha,Patamundai,20.57806,86.56063
Odisha,Patnagarh,20.70833,83.13263
Odisha,Phulbani,20.48101,84.23063
Odisha,Pipili,20.11357,85.83147
Odisha,Polasara,19.69386,84.81401
Odisha,Puri,19.9,85.6
Odisha,Purushottampur,19.52024,84.88514
Odisha,Rambha,19.51667,85.1
Odisha,Raurkela,22.22496,84.86414
Odisha,Rayagada,19.4,83.5
Odisha,Remuna,21.52798,86.87156
Odisha,Rengali,21.64602,84.05311
Odisha,Sambalpur,21.4,83.88333
Odisha,Sonepur,20.83333,83.91667
Odisha,Sorada,19.76082,84.42997
Odisha,Soro,21.27851,86.68833
Odisha,Subarnapur,20.93154,83.82486
Odisha,Sundargarh,22.25,84.5
Odisha,Talcher,20.94927,85.23354
Odisha,Tarabha,20.73252,83.67443
Odisha,Titlagarh,20.28961,83.15233
Odisha,Udayagiri,20.12416,84.36869
Puducherry,Karaikal,10.92209,79.83353
Puducherry,Mahe,11.7,75.53333
Puducherry,Yanam,16.73463,82.21773
Punjab,Abohar,30.14453,74.19552
Punjab,Adampur,31.43224,75.71484
Punjab,Ajitgarh,30.65,76.7
Punjab,Ajnala,31.84473,74.76295
Punjab,Akalgarh,29.82074,75.89078
Punjab,Alawalpur,31.43161,75.65614
Punjab,Amloh,30.60837,76.23199
Punjab,Amritsar,31.67,74.84
Punjab,Anandpur Sahib,31.23926,76.50253
Punjab,Badhni Kalan,30.6813,75.29087
Punjab,Bagha Purana,30.68809,75.09838
Punjab,Bakloh,32.47939,75.91874
Punjab,Balachor,31.06062,76.30166
Punjab,Banga,31.18874,75.99495
Punjab,Banur,30.55407,76.71948
Punjab,Barnala,30.37451,75.5487
Punjab,Batala,31.80921,75.20294
Punjab,Begowal,31.61152,75.52135
Punjab,Bhadaur,30.47651,75.33049
Punjab,Bhatinda,30.20747,74.93893
Punjab,Bhawanigarh,30.26685,76.03854
Punjab,Bhikhi,30.05918,75.535
Punjab,Bhogpur,31.55442,75.64271
Punjab,Bholath,31.54277778,75.5075
Punjab,Budhlada,29.92799,75.56205
Punjab,Chima,30.6854,76.08643
Punjab,Dasuya,31.81679,75.6531
Punjab,Dera Baba Nanak,32.03733,75.02787
Punjab,Dera Bassi,30.5872,76.8428
Punjab,Dhanaula,30.28216,75.57341
Punjab,Dhariwal,31.95616,75.32386
Punjab,Dhilwan,31.51432,75.34574
Punjab,Dhudi,30.69636,74.85246
Punjab,Dhuri,30.36846,75.86791
Punjab,Dina Nagar,32.13664,75.47291
Punjab,Dirba,30.07222,75.99607
Punjab,Doraha,30.79953,76.02355
Punjab,Faridkot,30.67399,74.75579
Punjab,Fatehgarh Churian,31.86431,74.95665
Punjab,Fatehgarh Sahib,30.64379,76.34787
Punjab,Fazilka,30.40207,74.02836
Punjab,Firozpur,30.92574,74.61311
Punjab,Firozpur District,30.89,74.56
Punjab,Gardhiwala,31.74147,75.75567
Punjab,Garhshankar,31.21537,76.14149
Punjab,Ghanaur,30.33092,76.61203
Punjab,Giddarbaha,30.19953,74.66627
Punjab,Gurdaspur,31.92,75.27
Punjab,Guru Har Sahai,30.70862,74.40407
Punjab,Hajipur,31.97714,75.75438
Punjab,Hariana,31.63512,75.83887
Punjab,Hoshiarpur,31.53723,75.91269
Punjab,Ishanpur,30.63929,76.11761
Punjab,Jagraon,30.78783,75.47391
Punjab,Jaito,30.45126,74.89189
Punjab,Jalalabad,30.60622,74.25727
Punjab,Jalandhar,31.41667,75.61667
Punjab,Jandiala,31.1593,75.61755
Punjab,Jandiala Guru,31.56198,75.0277
Punjab,Kalanaur,32.01227,75.15063
Punjab,Kapurthala,31.38011,75.38105
Punjab,Kartarpur,31.44268,75.49847
Punjab,Khamanon,30.81725,76.35478
Punjab,Khanna,30.70547,76.22196
Punjab,Kharar,30.74632,76.64689
Punjab,Khemkaran,31.14443,74.55938
Punjab,Kot Isa Khan,30.94659,75.1378
Punjab,Kotkapura,30.5819,74.83298
Punjab,Laungowal,30.19393,75.68089
Punjab,Ludhiana,30.91204,75.85379
Punjab,Machhiwara,30.91557,76.20016
Punjab,Majitha,31.75711,74.95891
Punjab,Makhu,31.10335,74.99631
Punjab,Malaut,30.21121,74.4818
Punjab,Malerkotla,30.5309,75.87949
Punjab,Mansa,29.98844,75.40167
Punjab,Maur Mandi,30.08333,75.25
Punjab,Moga,30.80376,75.14938
Punjab,Mohali,30.67995,76.72211
Punjab,Morinda,30.79014,76.49883
Punjab,Mukerian,31.95394,75.61716
Punjab,Nabha,30.37577,76.15292
Punjab,Nakodar,31.12586,75.47508
Punjab,Nangal,31.38966,76.37574
Punjab,Nawanshahr,31.1245,76.11613
Punjab,Nurmahal,31.09662,75.59386
Punjab,Nurpur Kalan,31.16667,76.48333
Punjab,Pathankot,32.27484,75.65287
Punjab,Patiala,30.33625,76.3922
Punjab,Patti,31.28092,74.85849
Punjab,Phagwara,31.22452,75.77387
Punjab,Phillaur,31.01887,75.79111
Punjab,Qadian,31.82198,75.37663
Punjab,Rahon,31.05275,76.11907
Punjab,Raikot,30.65,75.6
Punjab,Rajasansi,31.72021,74.8008
Punjab,Rajpura,30.47856,76.59284
Punjab,Ram Das,31.96739,74.9087
Punjab,Rampura,30.256,75.24116
Punjab,Rupnagar,31.04,76.52
Punjab,Samrala,30.83601,76.19324
Punjab,Sanaur,30.30182,76.45786
Punjab,Sangrur,30.24506,75.84488
Punjab,Sardulgarh,29.69224,75.23608
Punjab,Shahid Bhagat Singh Nagar,31.13183,76.13328
Punjab,Shahkot,31.08173,75.33708
Punjab,Sham Churasi,31.50028,75.74917
Punjab,Sirhind-Fategarh,30.64321,76.38421
Punjab,Sri Muktsar Sahib,30.47426,74.5166
Punjab,Sultanpur Lodhi,31.21468,75.19602
Punjab,Sunam,30.12883,75.79943
Punjab,Talwandi Bhai,30.85584,74.92979
Punjab,Talwara,31.9376,75.88657
Punjab,Tarn Taran Sahib,31.45191,74.92777
Punjab,Zira,30.96853,74.99106
Rajasthan,Abhaneri,27.00743,76.6076
Rajasthan,Abu,24.59365,72.71756
Rajasthan,Abu Road,24.48012,72.78186
Rajasthan,Ajmer,26.25,74.66667
Rajasthan,Aklera,24.41288,76.56719
Rajasthan,Alwar,27.5,76.5
Rajasthan,Amet,25.30609,73.9258
Rajasthan,Anta,25.15,76.3
Rajasthan,Anupgarh,29.19111,73.20861
Rajasthan,Asind,25.7342,74.33278
Rajasthan,Bagar,28.18784,75.50012
Rajasthan,Bakani,24.28624,76.23709
Rajasthan,Bali,25.19725,73.29117
Rajasthan,Balotra,25.83242,72.24
Rajasthan,Bandikui,27.05087,76.57325
Rajasthan,Banswara,23.54109,74.4425
Rajasthan,Baran,25.09,76.66
Rajasthan,Bari,26.64661,77.61634
Rajasthan,Bari Sadri,24.41339,74.47331
Rajasthan,Barmer,25.75,71.5
Rajasthan,Basi,26.8315,76.04856
Rajasthan,Basni,27.17232,73.64519
Rajasthan,Baswa,27.14955,76.58345
Rajasthan,Bayana,26.90791,77.28985
Rajasthan,Beawar,26.10119,74.32028
Rajasthan,Begun,24.98333,75.0
Rajasthan,Behror,27.88832,76.28108
Rajasthan,Bhadasar,28.31457,74.28952
Rajasthan,Bhadra,29.10298,75.17138
Rajasthan,Bharatpur,27.21,77.29
Rajasthan,Bhasawar,27.03895,77.04849
Rajasthan,Bhilwara,25.5,74.75
Rajasthan,Bhindar,24.50235,74.18551
Rajasthan,Bhinmal,24.99944,72.27141
Rajasthan,Bhiwadi,28.21024,76.86056
Rajasthan,Bhuma,27.78333,74.93333
Rajasthan,Bikaner,28.01762,73.31495
Rajasthan,Bilara,26.18067,73.7055
Rajasthan,Bissau,28.24737,75.07666
Rajasthan,Borkhera,25.52115,75.64028
Rajasthan,Bundi,25.43855,75.63735
Rajasthan,Chaksu,26.6051,75.94814
Rajasthan,Chechat,24.76667,75.88333
Rajasthan,Chhabra,24.66472,76.84379
Rajasthan,Chhapar,27.819,74.43936
Rajasthan,Chhoti Sadri,24.38145,74.7012
Rajasthan,Chidawa,28.23937,75.64035
Rajasthan,Chittaurgarh,24.5,74.5
Rajasthan,Churu,28.30415,74.96718
Rajasthan,Dariba,24.94865,74.1342
Rajasthan,Dausa,26.88269,76.57053
Rajasthan,Deoli,25.75728,75.37991
Rajasthan,Deshnoke,27.79836,73.34297
Rajasthan,Devgarh,25.52533,73.90812
Rajasthan,Dhaulpur,26.71183,77.73956
Rajasthan,Didwana,27.40096,74.57537
Rajasthan,Dig,27.47188,77.32564
Rajasthan,Dungarpur,23.84306,73.71466
Rajasthan,Fatehpur,27.99486,74.95628
Rajasthan,Galiakot,23.51995,74.02028
Rajasthan,Ganganagar,29.92009,73.87496
Rajasthan,Gangapur,26.47249,76.71744
Rajasthan,Govindgarh,27.50423,76.99938
Rajasthan,Gulabpura,25.90448,74.66025
Rajasthan,Hanumangarh,29.11,74.6
Rajasthan,Hindaun,26.73411,77.03519
Rajasthan,Jahazpur,25.61994,75.27609
Rajasthan,Jaipur,27.0,76.0
Rajasthan,Jaisalmer,26.99382,71.00889
Rajasthan,Jaitaran,26.20446,73.93676
Rajasthan,Jalor,25.34558,72.61559
Rajasthan,Jalore,25.08,72.29
Rajasthan,Jhalawar,24.59633,76.16499
Rajasthan,Jhalrapatan,24.54205,76.17242
Rajasthan,Jhunjhunun,28.12559,75.39797
Rajasthan,Jobner,26.97257,75.38752
Rajasthan,Jodhpur,26.75,72.75
Rajasthan,Kaman,27.65791,77.26908
Rajasthan,Kanor,24.43437,74.26546
Rajasthan,Kapren,25.40529,76.07431
Rajasthan,Karanpur,29.84042,73.45519
Rajasthan,Karauli,26.58,77.1
Rajasthan,Kekri,25.97132,75.14992
Rajasthan,Keshorai Patan,25.29275,75.93948
Rajasthan,Khandela,27.60499,75.502
Rajasthan,Khanpur,24.73241,76.39601
Rajasthan,Khetri,28.00069,75.78644
Rajasthan,Kishangarh,26.59006,74.85397
Rajasthan,Kota,25.17512,75.84412
Rajasthan,Kotputli,27.70207,76.19911
Rajasthan,Kuchaman,27.14745,74.85655
Rajasthan,Kuchera,26.98747,73.97108
Rajasthan,Kumher,27.31657,77.37079
Rajasthan,Kushalgarh,23.19899,74.45074
Rajasthan,Lachhmangarh Sikar,27.82294,75.02754
Rajasthan,Ladnun,27.65312,74.39993
Rajasthan,Lakheri,25.67237,76.17692
Rajasthan,Lalsot,26.55951,76.32915
Rajasthan,Losal,27.4,74.91667
Rajasthan,Mahwah,27.04594,76.93152
Rajasthan,Makrana,27.04361,74.72445
Rajasthan,Malpura,26.2838,75.36458
Rajasthan,Mandal,25.44126,74.56979
Rajasthan,Mandalgarh,25.19407,75.07215
Rajasthan,Mandawar,27.86374,76.54999
Rajasthan,Mangrol,25.33061,76.50973
Rajasthan,Manohar Thana,24.24,76.80182
Rajasthan,Manoharpur,27.29769,75.9495
Rajasthan,Meethari Marwar,27.57615,74.68661
Rajasthan,Merta,26.64859,74.03414
Rajasthan,Mundwa,27.0631,73.82304
Rajasthan,Nadbai,27.22288,77.19569
Rajasthan,Nagar,27.42397,77.09922
Rajasthan,Nagaur,27.20201,73.73394
Rajasthan,Nainwa,25.77145,75.84978
Rajasthan,Napasar,27.96059,73.55913
Rajasthan,Naraina,26.79069,75.20608
Rajasthan,Nasirabad,26.30473,74.73364
Rajasthan,Nathdwara,24.93805,73.82392
Rajasthan,Nawa,27.0195,75.00226
Rajasthan,Nawalgarh,27.85161,75.27384
Rajasthan,Neem ka Thana,27.73976,75.78652
Rajasthan,Nimaj,26.14995,74.00094
Rajasthan,Nimbahera,24.62166,74.67999
Rajasthan,Niwai,26.36073,75.91836
Rajasthan,Nohar,29.18292,74.77064
Rajasthan,Nokha,27.56155,73.47141
Rajasthan,Padampur,29.70885,73.62539
Rajasthan,Pali,25.77276,73.32335
Rajasthan,Partapur,23.59276,74.17396
Rajasthan,Parvatsar,26.88604,74.76602
Rajasthan,Phalodi,27.13102,72.36826
Rajasthan,Phulera,26.87401,75.24171
Rajasthan,Pilani,28.36725,75.60352
Rajasthan,Pilibangan,29.44964,74.10093
Rajasthan,Pindwara,24.79749,73.05505
Rajasthan,Pipar,26.38441,73.54394
Rajasthan,Pirawa,24.15506,76.02728
Rajasthan,Pokaran,26.92007,71.91631
Rajasthan,Pratapgarh,24.03,74.78
Rajasthan,Pushkar,26.49022,74.55211
Rajasthan,Raipur,26.04259,74.02373
Rajasthan,Raisinghnagar,29.53583,73.44917
Rajasthan,Rajakhera,26.89802,78.171
Rajasthan,Rajaldesar,28.02849,74.47442
Rajasthan,Rajgarh,27.23731,76.62243
Rajasthan,Rajsamand,25.23822,73.93503
Rajasthan,Ramganj Mandi,24.64648,75.94325
Rajasthan,Ramgarh,27.25097,75.17893
Rajasthan,Rani,25.35031,73.30885
Rajasthan,Ratangarh,28.08137,74.61854
Rajasthan,Rawatbhata,24.92981,75.59209
Rajasthan,Rawatsar,29.26724,74.40288
Rajasthan,Ringas,27.3636,75.56838
Rajasthan,Sadri,25.18555,73.45288
Rajasthan,Salumbar,24.13524,74.04442
Rajasthan,Sambhar,26.90806,75.19137
Rajasthan,Samdari,25.81299,72.57879
Rajasthan,Sanchor,24.75361,71.7728
Rajasthan,Sangaria,29.79886,74.46683
Rajasthan,Sangod,24.92707,76.28649
Rajasthan,Sardarshahr,28.44062,74.491
Rajasthan,Sarwar,26.06272,75.01104
Rajasthan,Sawai Madhopur,26.02301,76.34408
Rajasthan,Shahpura,25.62094,74.92487
Rajasthan,Sheoganj,25.13915,73.06784
Rajasthan,Sikar,27.61206,75.13996
Rajasthan,Sirohi,24.83333,72.75
Rajasthan,Siwana,25.65154,72.42243
Rajasthan,Sojat,25.92493,73.66633
Rajasthan,Sri Dungargarh,28.09617,74.00868
Rajasthan,Sri Madhopur,27.46599,75.59736
Rajasthan,Sujangarh,27.7,74.46667
Rajasthan,Suket,24.64609,76.0417
Rajasthan,Sunel,24.37065,75.95708
Rajasthan,Surajgarh,28.31005,75.73271
Rajasthan,Suratgarh,29.3215,73.89979
Rajasthan,Takhatgarh,25.32235,73.00487
Rajasthan,Taranagar,28.6686,75.03207
Rajasthan,Tijara,27.93411,76.85541
Rajasthan,Todabhim,26.91667,76.81667
Rajasthan,Todaraisingh,26.02401,75.48182
Rajasthan,Tonk,26.16667,75.58333
Rajasthan,Udaipur,24.33,73.77
Rajasthan,Udpura,24.73355,75.97514
Rajasthan,Uniara,26.15336,75.21523
Rajasthan,Wer,27.0186,77.17636
Sikkim,East District,27.33333,88.66667
Sikkim,Gangtok,27.32574,88.61216
Sikkim,Gyalshing,27.28952,88.25764
Sikkim,Jorethang,27.10696,88.32332
Sikkim,Mangan,27.50965,88.52206
Sikkim,Namchi,27.16494,88.3638
Sikkim,Naya Bazar,27.13082,88.23972
Sikkim,North District,27.66667,88.5
Sikkim,Rangpo,27.17733,88.53358
Sikkim,Singtam,27.23467,88.50168
Sikkim,South District,27.33333,88.41667
Sikkim,West District,27.33333,88.25
Tamil Nadu,Abiramam,9.4423,78.4399
Tamil Nadu,Adirampattinam,10.34059,79.37905
Tamil Nadu,Aduthurai,11.01542,79.48093
Tamil Nadu,Alagapuram,11.88705,78.91758
Tamil Nadu,Alandur,13.0025,80.20611
Tamil Nadu,Alanganallur,10.04697,78.09033
Tamil Nadu,Alangayam,12.62235,78.75207
Tamil Nadu,Alangudi,10.3606,78.98492
Tamil Nadu,Alangulam,8.86404,77.49937
Tamil Nadu,Alappakkam,11.59895,79.71893
Tamil Nadu,Alwa Tirunagari,8.60635,77.93983
Tamil Nadu,Ambasamudram,8.71068,77.4519
Tamil Nadu,Ambattur,13.09818,80.16152
Tamil Nadu,Ambur,12.79163,78.71644
Tamil Nadu,Ammapettai,10.79476,79.31986
Tamil Nadu,Anamalais,10.58303,76.93441
Tamil Nadu,Andippatti,9.99797,77.62097
Tamil Nadu,Annamalainagar,11.4,79.73333
Tamil Nadu,Annavasal,10.4606,78.70029
Tamil Nadu,Annur,11.23616,77.10514
Tamil Nadu,Anthiyur,11.57506,77.59043
Tamil Nadu,Arakkonam,13.08449,79.67053
Tamil Nadu,Arantangi,10.17235,78.99118
Tamil Nadu,Arcot,12.90569,79.31897
Tamil Nadu,Arimalam,10.25498,78.88403
Tamil Nadu,Ariyalur,11.15,79.25
Tamil Nadu,Arni,12.66771,79.28529
Tamil Nadu,Arumbavur,11.38096,78.72965
Tamil Nadu,Arumuganeri,8.5688,78.09091
Tamil Nadu,Aruppukkottai,9.5096,78.09588
Tamil Nadu,Aruvankad,11.36315,76.7579
Tamil Nadu,Attayyampatti,11.53272,78.05363
Tamil Nadu,Attur,11.59414,78.60143
Tamil Nadu,Auroville,12.00549,79.80885
Tamil Nadu,Avadi,13.1147,80.10981
Tamil Nadu,Avinashi,11.19297,77.26865
Tamil Nadu,Ayakudi,10.44992,77.55198
Tamil Nadu,Ayyampettai,10.90141,79.17984
Tamil Nadu,Belur,11.70752,78.41437
Tamil Nadu,Bhavani,11.44553,77.68215
Tamil Nadu,Bodinayakkanur,10.01171,77.34976
Tamil Nadu,Chengam,12.30889,78.79137
Tamil Nadu,Chennai,13.08784,80.27847
Tamil Nadu,Chennimalai,11.16378,77.60388
Tamil Nadu,Chetput,13.07,80.24083
Tamil Nadu,Chettipalaiyam,10.91248,77.03699
Tamil Nadu,Cheyyar,12.66052,79.54308
Tamil Nadu,Cheyyur,12.34948,80.00304
Tamil Nadu,Chidambaram,11.39933,79.69144
Tamil Nadu,Chingleput,12.69184,79.97661
Tamil Nadu,Chinna Salem,11.63422,78.87412
Tamil Nadu,Chinnamanur,9.83999,77.38109
Tamil Nadu,Chinnasekkadu,13.16089,80.25727
Tamil Nadu,Cholapuram,9.35193,77.56839
Tamil Nadu,Coimbatore,10.8,77.09
Tamil Nadu,Colachel,8.17938,77.25818
Tamil Nadu,Cuddalore,11.52,79.51
Tamil Nadu,Cumbum,9.73647,77.2847
Tamil Nadu,Denkanikota,12.5301,77.78887
Tamil Nadu,Desur,12.43727,79.48145
Tamil Nadu,Devadanappatti,10.14673,77.6439
Tamil Nadu,Devakottai,9.94704,78.8233
Tamil Nadu,Dhali,10.51049,77.18806
Tamil Nadu,Dharapuram,10.73828,77.53223
Tamil Nadu,Dharmapuri,12.1277,78.15794
Tamil Nadu,Dindigul,10.4,77.8
Tamil Nadu,Dusi,12.77574,79.67892
Tamil Nadu,Elayirampannai,9.27033,77.82494
Tamil Nadu,Elumalai,9.86501,77.69923
Tamil Nadu,Eral,8.62584,78.02282
Tamil Nadu,Eraniel,8.20589,77.31726
Tamil Nadu,Erode,11.34,77.55
Tamil Nadu,Erumaippatti,11.14671,78.28996
Tamil Nadu,Ettaiyapuram,9.14405,77.99066
Tamil Nadu,Gandhi Nagar,13.00639,80.25417
Tamil Nadu,Gangaikondan,8.85785,77.78019
Tamil Nadu,Gangavalli,11.49828,78.64966
Tamil Nadu,Gingee,12.25282,79.41727
Tamil Nadu,Gobichettipalayam,11.45496,77.4422
Tamil Nadu,Gudalur,9.67826,77.24951
Tamil Nadu,Gudiyatham,12.94601,78.87377
Tamil Nadu,Guduvancheri,12.84519,80.06055
Tamil Nadu,Gummidipundi,13.40765,80.10879
Tamil Nadu,Harur,12.05267,78.48023
Tamil Nadu,Hosur,12.73647,77.83264
Tamil Nadu,Idappadi,11.58624,77.83891
Tamil Nadu,Ilampillai,11.60659,78.00676
Tamil Nadu,Iluppur,10.51347,78.62357
Tamil Nadu,Injambakkam,12.9162,80.2488
Tamil Nadu,Irugur,11.01782,77.06285
Tamil Nadu,Jalakandapuram,11.69779,77.87298
Tamil Nadu,Jalarpet,12.57025,78.57318
Tamil Nadu,Jayamkondacholapuram,11.21266,79.36369
Tamil Nadu,Kadambur,8.99739,77.86191
Tamil Nadu,Kadayanallur,9.07277,77.34152
Tamil Nadu,Kalakkadu,8.5138,77.54944
Tamil Nadu,Kalavai,12.77029,79.41999
Tamil Nadu,Kallakkurichchi,11.7404,78.959
Tamil Nadu,Kallidaikurichi,8.68591,77.46592
Tamil Nadu,Kallupatti,9.71667,77.86667
Tamil Nadu,Kalugumalai,9.14941,77.70569
Tamil Nadu,Kamuthi,9.40732,78.37337
Tamil Nadu,Kanadukattan,10.17209,78.77935
Tamil Nadu,Kancheepuram,12.67,79.99
Tamil Nadu,Kanchipuram,12.83515,79.70006
Tamil Nadu,Kangayam,11.00599,77.5609
Tamil Nadu,Kanniyakumari,8.32,77.34
Tamil Nadu,Karaikkudi,10.06615,78.76784
Tamil Nadu,Karamadai,11.24058,76.96009
Tamil Nadu,Karambakkudi,10.45866,79.14101
Tamil Nadu,Kariapatti,9.67505,78.09992
Tamil Nadu,Karumbakkam,12.70203,80.0911
Tamil Nadu,Karur,10.95771,78.08095
Tamil Nadu,Katpadi,12.96951,79.14552
Tamil Nadu,Kattivakkam,13.21667,80.31667
Tamil Nadu,Kattupputtur,10.99385,78.21929
Tamil Nadu,Kaveripatnam,12.42186,78.2188
Tamil Nadu,Kayalpattinam,8.57143,78.11992
Tamil Nadu,Kayattar,8.94834,77.77424
Tamil Nadu,Keelakarai,9.23183,78.78545
Tamil Nadu,Kelamangalam,12.60307,77.85193
Tamil Nadu,Kil Bhuvanagiri,11.44216,79.64763
Tamil Nadu,Kilvelur,10.76721,79.74186
Tamil Nadu,Kiranur,10.56988,78.78682
Tamil Nadu,Kodaikanal,10.23925,77.48932
Tamil Nadu,Kodumudi,11.07751,77.88363
Tamil Nadu,Kombai,9.84745,77.29603
Tamil Nadu,Konganapuram,11.57105,77.9004
Tamil Nadu,Koothanallur,10.7199,79.5157
Tamil Nadu,Koradachcheri,10.77019,79.49158
Tamil Nadu,Korampallam,8.77506,78.09158
Tamil Nadu,Kotagiri,11.42072,76.86035
Tamil Nadu,Kottaiyur,10.10956,78.7956
Tamil Nadu,Kovilpatti,9.17167,77.86989
Tamil Nadu,Krishnagiri,12.58,77.96
Tamil Nadu,Kulattur,9.0032,78.1928
Tamil Nadu,Kulittalai,10.93487,78.41251
Tamil Nadu,Kumaralingam,10.48936,77.3499
Tamil Nadu,Kumbakonam,10.96209,79.39124
Tamil Nadu,Kunnattur,12.34782,78.51046
Tamil Nadu,Kurinjippadi,11.55028,79.59066
Tamil Nadu,Kuttalam,8.9303,77.26951
Tamil Nadu,Kuzhithurai,8.31792,77.19192
Tamil Nadu,Lalgudi,10.87419,78.81935
Tamil Nadu,Madambakkam,12.8525,80.04667
Tamil Nadu,Madipakkam,12.96226,80.19864
Tamil Nadu,Madukkarai,10.90568,76.96344
Tamil Nadu,Madukkur,10.48098,79.39939
Tamil Nadu,Madurai,9.89,78.03
Tamil Nadu,Madurantakam,12.51167,79.88485
Tamil Nadu,Mallapuram,11.98231,78.24796
Tamil Nadu,Mallasamudram,11.49333,78.03119
Tamil Nadu,Mallur,11.54424,78.14078
Tamil Nadu,Manali,13.16667,80.26667
Tamil Nadu,Manalurpettai,12.00788,79.09184
Tamil Nadu,Manamadurai,9.67318,78.47096
Tamil Nadu,Manappakkam,13.01083,80.16861
Tamil Nadu,Manapparai,10.60772,78.42582
Tamil Nadu,Manavalakurichi,8.14776,77.30552
Tamil Nadu,Mandapam,9.27571,79.12362
Tamil Nadu,Mangalam,9.76473,78.64037
Tamil Nadu,Mannargudi,10.66626,79.45064
Tamil Nadu,Marakkanam,12.19214,79.94193
Tamil Nadu,Marandahalli,12.38826,78.00316
Tamil Nadu,Masinigudi,11.56831,76.64087
Tamil Nadu,Mattur,11.32147,79.20245
Tamil Nadu,Mayiladuthurai,11.10354,79.655
Tamil Nadu,Melur,10.03241,78.3393
Tamil Nadu,Mettuppalaiyam,11.16806,78.44944
Tamil Nadu,Mettur,11.78796,77.8008
Tamil Nadu,Minjur,13.27951,80.25815
Tamil Nadu,Mohanur,11.05936,78.13965
Tamil Nadu,Mudukulattur,9.34169,78.51388
Tamil Nadu,Mulanur,10.79426,77.7115
Tamil Nadu,Musiri,10.95299,78.44427
Tamil Nadu,Muttupet,10.39505,79.49353
Tamil Nadu,Naduvattam,11.48075,76.54365
Tamil Nadu,Nagapattinam,10.85,79.74
Tamil Nadu,Nagercoil,8.17899,77.43227
Tamil Nadu,Namagiripettai,11.45513,78.26818
Tamil Nadu,Namakkal,11.3,78.13
Tamil Nadu,Nambiyur,11.35811,77.32115
Tamil Nadu,Nambutalai,9.72766,79.00707
Tamil Nadu,Nandambakkam,12.97795,80.06781
Tamil Nadu,Nangavalli,11.76189,77.89093
Tamil Nadu,Nangilickondan,12.25539,79.47508
Tamil Nadu,Nanguneri,8.49326,77.65806
Tamil Nadu,Nannilam,10.87933,79.61062
Tamil Nadu,Naravarikuppam,13.19133,80.18473
Tamil Nadu,Nattam,10.22776,78.22969
Tamil Nadu,Nattarasankottai,9.86905,78.55305
Tamil Nadu,Needamangalam,10.77378,79.41875
Tamil Nadu,Neelankarai,12.9495,80.2592
Tamil Nadu,Negapatam,10.76377,79.84313
Tamil Nadu,Nellikkuppam,11.77554,79.67016
Tamil Nadu,Nilakottai,10.165,77.85024
Tamil Nadu,Nilgiris,11.46,76.64
Tamil Nadu,Odugattur,12.76793,78.88304
Tamil Nadu,Omalur,11.74099,78.04559
Tamil Nadu,Ooty,11.4134,76.69521
Tamil Nadu,Padmanabhapuram,8.24462,77.32581
Tamil Nadu,Palakkodu,12.30696,78.07022
Tamil Nadu,Palamedu,10.10501,78.11336
Tamil Nadu,Palani,10.45034,77.5209
Tamil Nadu,Palavakkam,12.9535,80.2572
Tamil Nadu,Palladam,10.99175,77.28633
Tamil Nadu,Pallappatti,10.72057,77.87951
Tamil Nadu,Pallattur,10.14609,78.80309
Tamil Nadu,Pallavaram,12.96796,80.15025
Tamil Nadu,Pallikondai,12.90518,78.9427
Tamil Nadu,Pallipattu,13.3386,79.44489
Tamil Nadu,Pallippatti,11.9399,78.40161
Tamil Nadu,Panruti,11.77662,79.55269
Tamil Nadu,Papanasam,10.92687,79.27056
Tamil Nadu,Papireddippatti,11.91774,78.36865
Tamil Nadu,Papparappatti,12.22086,78.0592
Tamil Nadu,Paramagudi,9.54633,78.5907
Tamil Nadu,Pattukkottai,10.42358,79.31949
Tamil Nadu,Pennadam,11.40389,79.24156
Tamil Nadu,Pennagaram,12.13433,77.89525
Tamil Nadu,Pennathur,12.24681,79.22592
Tamil Nadu,Peraiyur,9.73579,77.78955
Tamil Nadu,Perambalur,11.272,78.8738
Tamil Nadu,Peranamallur,12.57052,79.43332
Tamil Nadu,Peranampattu,12.9343,78.7189
Tamil Nadu,Peravurani,10.29035,79.20156
Tamil Nadu,Periyakulam,10.12268,77.54372
Tamil Nadu,Periyanayakkanpalaiyam,11.15255,76.95159
Tamil Nadu,Periyanegamam,10.74317,77.10296
Tamil Nadu,Periyapatti,10.75812,77.27087
Tamil Nadu,Periyapattinam,9.27263,78.90232
Tamil Nadu,Perundurai,11.27564,77.58794
Tamil Nadu,Perungudi,12.96095,80.24094
Tamil Nadu,Perur,10.97519,76.91292
Tamil Nadu,Pollachi,10.65825,77.0085
Tamil Nadu,Polur,12.51217,79.12405
Tamil Nadu,Ponnamaravati,10.28032,78.53601
Tamil Nadu,Ponneri,13.33868,80.19487
Tamil Nadu,Poonamalle,13.04888,80.11488
Tamil Nadu,Porur,13.03565,80.15821
Tamil Nadu,Pudukkottai,10.35,78.9
Tamil Nadu,Puduppatti,11.15217,78.21205
Tamil Nadu,Pudur,12.99801,79.14352
Tamil Nadu,Puduvayal,13.33015,80.14577
Tamil Nadu,Puliyangudi,9.17489,77.39799
Tamil Nadu,Puliyur,10.63375,78.84139
Tamil Nadu,Pullambadi,10.9411,78.91041
Tamil Nadu,Punjai Puliyampatti,11.35163,77.16671
Tamil Nadu,Rajapalaiyam,9.45296,77.55335
Tamil Nadu,Ramanathapuram,9.37158,78.83077
Tamil Nadu,Rameswaram,9.2885,79.31271
Tamil Nadu,Ranipet,12.9534749,79.2815916
Tamil Nadu,Rasipuram,11.46009,78.18635
Tamil Nadu,Saint Thomas Mount,13.00334,80.19614
Tamil Nadu,Salem,11.6537012,77.9982106
Tamil Nadu,Sathankulam,8.44164,77.91349
Tamil Nadu,Sathyamangalam,11.50526,77.23826
Tamil Nadu,Sattur,9.35592,77.92457
Tamil Nadu,Sayalkudi,9.16925,78.44702
Tamil Nadu,Seven Pagodas,12.62091,80.19331
Tamil Nadu,Sholinghur,13.1181,79.42025
Tamil Nadu,Singanallur,10.99898,77.03238
Tamil Nadu,Singapperumalkovil,12.75947,80.0075
Tamil Nadu,Sirkazhi,11.23725,79.73585
Tamil Nadu,Sirumugai,11.32137,77.00521
Tamil Nadu,Sivaganga,9.92762,78.53763
Tamil Nadu,Sivagiri,9.34461,77.42911
Tamil Nadu,Sivakasi,9.44999,77.79797
Tamil Nadu,Srimushnam,11.40118,79.40384
Tamil Nadu,Sriperumbudur,12.96763,79.94197
Tamil Nadu,Srivaikuntam,8.62931,77.91281
Tamil Nadu,Srivilliputhur,9.51272,77.63369
Tamil Nadu,Suchindram,8.15442,77.46704
Tamil Nadu,Sulur,11.02427,77.12565
Tamil Nadu,Surandai,8.97574,77.41923
Tamil Nadu,Swamimalai,10.95747,79.32931
Tamil Nadu,Tambaram,12.9246,80.12707
Tamil Nadu,Tanjore,10.78523,79.13909
Tamil Nadu,Taramangalam,11.69403,77.97035
Tamil Nadu,Tattayyangarpettai,11.12417,78.44916
Tamil Nadu,Thanjavur,10.64,79.22
Tamil Nadu,Tharangambadi,11.02764,79.85425
Tamil Nadu,Theni,9.85,77.42
Tamil Nadu,Thenkasi,8.96003,77.31525
Tamil Nadu,Thirukattupalli,10.84431,78.95647
Tamil Nadu,Thiruthani,13.17594,79.61637
Tamil Nadu,Thiruvaiyaru,10.88405,79.10362
Tamil Nadu,Thiruvallur,13.25,80.0
Tamil Nadu,Thiruvarur,10.77269,79.6368
Tamil Nadu,Thiruvidaimaruthur,10.99857,79.45227
Tamil Nadu,Thoothukudi,8.76735,78.13425
Tamil Nadu,Tindivanam,12.234,79.65551
Tamil Nadu,Tinnanur,13.11448,80.02713
Tamil Nadu,Tiruchchendur,8.49725,78.11906
Tamil Nadu,Tiruchengode,11.38016,77.89444
Tamil Nadu,Tiruchirappalli,10.97,78.65
Tamil Nadu,Tirukkoyilur,11.9662,79.20259
Tamil Nadu,Tirumullaivasal,11.23996,79.83705
Tamil Nadu,Tirunelveli,8.72742,77.6838
Tamil Nadu,Tirunelveli Kattabo,8.7927,77.57409
Tamil Nadu,Tiruppalaikudi,9.54606,78.91721
Tamil Nadu,Tirupparangunram,9.88151,78.07306
Tamil Nadu,Tiruppur,11.11541,77.35456
Tamil Nadu,Tiruppuvanam,9.82564,78.25795
Tamil Nadu,Tiruttangal,9.48333,77.83333
Tamil Nadu,Tiruvannamalai,12.51,79.09
Tamil Nadu,Tiruvottiyur,13.15823,80.30181
Tamil Nadu,Tisaiyanvilai,8.33702,77.86776
Tamil Nadu,Tondi,9.74173,79.01774
Tamil Nadu,Turaiyur,11.14968,78.5987
Tamil Nadu,Udangudi,8.42918,78.02968
Tamil Nadu,Udumalaippettai,10.58806,77.24779
Tamil Nadu,Uppiliyapuram,11.26356,78.5139
Tamil Nadu,Usilampatti,9.96936,77.78621
Tamil Nadu,Uttamapalaiyam,9.80701,77.32718
Tamil Nadu,Uttiramerur,12.61433,79.75748
Tamil Nadu,Uttukkuli,11.16892,77.45431
Tamil Nadu,V.S.K.Valasai (Dindigul-Dist.),10.31549,78.15141
Tamil Nadu,Vadakku Valliyur,8.38286,77.61221
Tamil Nadu,Vadakku Viravanallur,8.69786,77.51916
Tamil Nadu,Vadamadurai,10.44081,78.09784
Tamil Nadu,Vadippatti,10.08481,77.96113
Tamil Nadu,Valangaiman,10.89012,79.39322
Tamil Nadu,Valavanur,11.92094,79.58239
Tamil Nadu,Vallam,10.71988,79.05981
Tamil Nadu,Valparai,10.32691,76.95116
Tamil Nadu,Vandalur,12.8924,80.08079
Tamil Nadu,Vandavasi,12.50429,79.60556
Tamil Nadu,Vaniyambadi,12.68162,78.62014
Tamil Nadu,Vasudevanallur,9.24171,77.41177
Tamil Nadu,Vattalkundu,10.16069,77.75883
Tamil Nadu,Vedaraniyam,10.37208,79.85095
Tamil Nadu,Vedasandur,10.53102,77.95019
Tamil Nadu,Velankanni,10.68333,79.83333
Tamil Nadu,Vellanur,13.15804,80.10634
Tamil Nadu,Vellore,12.86,79.035
Tamil Nadu,Velur,11.10825,78.00113
Tamil Nadu,Vengavasal,12.89911,80.169
Tamil Nadu,Vettaikkaranpudur,10.56207,76.91305
Tamil Nadu,Vettavalam,12.10769,79.24516
Tamil Nadu,Vijayapuri,11.2453,77.50066
Tamil Nadu,Vikravandi,12.0369,79.54595
Tamil Nadu,Vilattikulam,9.13227,78.16635
Tamil Nadu,Villupuram,11.99,79.37
Tamil Nadu,Viraganur,11.47613,78.73553
Tamil Nadu,Virudhunagar,9.45,77.92
Tamil Nadu,Vriddhachalam,11.5183,79.32411
Tamil Nadu,Walajapet,12.9251,79.36626
Tamil Nadu,Wallajahbad,12.79041,79.82358
Tamil Nadu,Wellington,11.36552,76.78442
Telangana,Adilabad,19.5,78.5
Telangana,Alampur,15.87987,78.13352
Telangana,Andol,17.81458,78.07713
Telangana,Asifabad,19.35851,79.28415
Telangana,Balapur,17.31018,78.49969
Telangana,Banswada,18.37725,77.88007
Telangana,Bellampalli,19.05577,79.493
Telangana,Bhadrachalam,17.66846,80.88887
Telangana,Bhadradri Kothagudem,17.5546,80.61976
Telangana,Bhaisa,19.11285,77.96336
Telangana,Bhongir,17.51544,78.88563
Telangana,Bodhan,18.66208,77.88581
Telangana,Chandur,17.87455,78.10017
Telangana,Chatakonda,17.55303,80.6477
Telangana,Dasnapur,19.65399,78.51213
Telangana,Devarkonda,16.69186,78.92073
Telangana,Dornakal,17.44475,80.14905
Telangana,Farrukhnagar,17.07787,78.20339
Telangana,Gaddi Annaram,17.36687,78.5242
Telangana,Gadwal,16.23504,77.79556
Telangana,Ghatkesar,17.45081,78.68366
Telangana,Gopalur,16.6122,77.80728
Telangana,Gudur,17.49174,78.82302
Telangana,Hyderabad,17.38405,78.45636
Telangana,Jagtial,18.79473,78.91661
Telangana,Jangaon,17.72602,79.15236
Telangana,Jangoan,17.72943,79.16096
Telangana,Jayashankar Bhupalapally,18.19678,79.93976
Telangana,Jogulamba Gadwal,16.23401,77.80564
Telangana,Kagaznagar,19.33159,79.46605
Telangana,Kamareddi,18.32001,78.34177
Telangana,Kamareddy,18.32567,78.33416
Telangana,Karimnagar,18.33844,79.22938
Telangana,Khammam,17.5,80.33333
Telangana,Kodar,16.9985,79.9656
Telangana,Koratla,18.82154,78.71186
Telangana,Kothapet,19.35176,79.48323
Telangana,Kottagudem,17.55106,80.61779
Telangana,Kottapalli,18.49543,79.0943
Telangana,Kukatpalli,17.48486,78.41376
Telangana,Kyathampalle,19.66781,78.5289
Telangana,Lakshettipet,18.86667,79.21667
Telangana,Lal Bahadur Nagar,17.34769,78.55757
Telangana,Mahabubabad,17.6004,80.00543
Telangana,Mahbubnagar,16.63171,77.75556
Telangana,Malkajgiri,17.44781,78.52633
Telangana,Mancheral,18.87074,79.42863
Telangana,Mandamarri,18.96506,79.47475
Telangana,Manthani,18.65087,79.66501
Telangana,Manuguru,17.98102,80.7547
Telangana,Medak,17.75,78.25
Telangana,Medchal,17.62972,78.48139
Telangana,Medchal Malkajgiri,17.60644,78.54007
Telangana,Mirialguda,16.8722,79.56247
Telangana,Nagar Karnul,16.4821,78.32471
Telangana,Nalgonda,17.16667,79.5
Telangana,Narayanpet,16.74799,77.4954
Telangana,Narsingi,18.04468,78.42516
Telangana,Naspur,18.84577,79.46165
Telangana,Nirmal,19.09685,78.34407
Telangana,Nizamabad,18.75,78.25
Telangana,Paloncha,17.60184,80.70509
Telangana,Palwancha,17.58152,80.67651
Telangana,Patancheru,17.53334,78.2645
Telangana,Peddapalli,18.61357,79.37442
Telangana,Quthbullapur,17.50107,78.45818
Telangana,Rajanna Sircilla,18.38629,78.8156
Telangana,Ramagundam,18.755,79.474
Telangana,Ramgundam,18.80084,79.45206
Telangana,Rangareddi,17.27883,78.16844
Telangana,Sadaseopet,17.61925,77.95263
Telangana,Sangareddi,17.62477,78.08669
Telangana,Sathupalli,17.24968,80.86899
Telangana,Secunderabad,17.50427,78.54263
Telangana,Serilingampalle,17.49313,78.30196
Telangana,Siddipet,18.10483,78.84858
Telangana,Singapur,17.46982,78.12574
Telangana,Sirpur,19.47953,79.57558
Telangana,Sirsilla,18.38865,78.81048
Telangana,Sriramnagar,17.26652,78.25544
Telangana,Suriapet,17.14054,79.62045
Telangana,Tandur,17.24849,77.57698
Telangana,Uppal Kalan,17.40577,78.55911
Telangana,Vemalwada,18.46523,78.86894
Telangana,Vikarabad,17.3381,77.90441
Telangana,Wanparti,16.36738,78.06889
Telangana,Warangal,18.0,79.83333
Telangana,Yellandu,17.59064,80.32146
Telangana,Zahirabad,17.68138,77.60743
Tripura,Agartala,23.83605,91.27939
Tripura,Amarpur,23.5257,91.65879
Tripura,Ambasa,23.936,91.85436
Tripura,Barjala,23.6182,91.35596
Tripura,Belonia,23.25178,91.45407
Tripura,Dhalai,23.84307,91.92591
Tripura,Dharmanagar,24.36667,92.16667
Tripura,Gomati,23.53399,91.48122
Tripura,Kailashahar,24.33199,92.00391
Tripura,Kamalpur,24.19593,91.83438
Tripura,Khowai,24.07964,91.59972
Tripura,North Tripura,24.1305,92.15552
Tripura,Ranir Bazar,23.83463,91.36614
Tripura,Sabrum,23.00153,91.72427
Tripura,Sonamura,23.47547,91.2659
Tripura,South Tripura,23.1671,91.60953
Tripura,Udaipur,23.53333,91.48333
Tripura,Unakoti,24.32781,92.00377
Tripura,West Tripura,23.91667,91.5
Uttar Pradesh,Achhnera,27.17826,77.75674
Uttar Pradesh,Afzalgarh,29.3937,78.67393
Uttar Pradesh,Agra,27.18333,78.01667
Uttar Pradesh,Ahraura,25.01579,83.03294
Uttar Pradesh,Aidalpur,26.13333333,79.45
Uttar Pradesh,Airwa,26.9,79.43333333
Uttar Pradesh,Akbarpur,26.42953,82.53431
Uttar Pradesh,Akola,27.06547,77.88084
Uttar Pradesh,Aliganj,27.49358,79.17127
Uttar Pradesh,Aligarh,27.83333,78.16667
Uttar Pradesh,Allahabad,25.45,81.85
Uttar Pradesh,Allahganj,27.5454,79.68715
Uttar Pradesh,Amanpur,27.71222,78.73788
Uttar Pradesh,Amauli,26.01666667,80.3
Uttar Pradesh,Ambahta,29.85706,77.33583
Uttar Pradesh,Ambedkar Nagar,26.40544,82.69762
Uttar Pradesh,Amethi,28.01667,81.05
Uttar Pradesh,Amroha,28.90314,78.46984
Uttar Pradesh,Anandnagar,27.10062,83.27156
Uttar Pradesh,Antu,26.05654,81.90267
Uttar Pradesh,Anupshahr,28.35748,78.26914
Uttar Pradesh,Aonla,28.27402,79.16521
Uttar Pradesh,Araul,26.917,80.033
Uttar Pradesh,Asalatganj,26.68333333,79.85
Uttar Pradesh,Atarra,25.28618,80.57155
Uttar Pradesh,Atrauli,28.02964,78.28571
Uttar Pradesh,Atraulia,26.3333,82.94727
Uttar Pradesh,Auraiya,26.64692,79.42858
Uttar Pradesh,Auras,26.91414,80.50792
Uttar Pradesh,Ayodhya,26.79909,82.2047
Uttar Pradesh,Azamgarh,26.06832,83.18358
Uttar Pradesh,Azizpur,26.97638889,79.22138889
Uttar Pradesh,Baberu,25.54711,80.70443
Uttar Pradesh,Babina,25.23947,78.47028
Uttar Pradesh,Babrala,28.26419,78.4056
Uttar Pradesh,Babugarh,28.72353,77.84677
Uttar Pradesh,Bachhraon,28.92694,78.23456
Uttar Pradesh,Bachhrawan,26.4709,81.1158
Uttar Pradesh,Baghpat,28.95,77.2167
Uttar Pradesh,Baghra,29.46666667,77.58333333
Uttar Pradesh,Bah,26.86912,78.59385
Uttar Pradesh,Baheri,28.77416,79.4974
Uttar Pradesh,Bahjoi,28.39502,78.62659
Uttar Pradesh,Bahraich,27.80021,81.51855
Uttar Pradesh,Bahraigh,27.57429,81.59474
Uttar Pradesh,Bahsuma,29.20063,77.97221
Uttar Pradesh,Bahua,25.83942,80.62255
Uttar Pradesh,Bajna,27.89793,77.67836
Uttar Pradesh,Bakewar,26.66226,79.17625
Uttar Pradesh,Baksar,28.76666667,78.01666667
Uttar Pradesh,Balamau,27.16666667,80.35
Uttar Pradesh,Baldeo,27.41666667,77.81666667
Uttar Pradesh,Baldev,27.40684,77.82214
Uttar Pradesh,Ballia,25.83333,84.16667
Uttar Pradesh,Balrampur,27.43449,82.40281
Uttar Pradesh,Banat,29.46355,77.35478
Uttar Pradesh,Banbasa,28.99132,80.07608
Uttar Pradesh,Banda,25.5,80.5
Uttar Pradesh,Bangarmau,26.8912,80.21149
Uttar Pradesh,Bansdih,25.88377,84.21827
Uttar Pradesh,Bansgaon,26.55032,83.34503
Uttar Pradesh,Bansi,27.17749,82.93442
Uttar Pradesh,Banthra,27.9172,79.8174
Uttar Pradesh,Bara Banki,26.93864,81.3274
Uttar Pradesh,Baragaon,25.47554,78.71224
Uttar Pradesh,Baraut,29.10199,77.26334
Uttar Pradesh,Bareilly,28.41667,79.38333
Uttar Pradesh,Barhalganj,26.28333333,83.5
Uttar Pradesh,Barkhera,28.45,79.8
Uttar Pradesh,Barkhera Kalan,28.45209,79.80655
Uttar Pradesh,Barokhar,24.91666667,81.96666667
Uttar Pradesh,Barsana,27.64802,77.3764
Uttar Pradesh,Barwar (Lakhimpur Kheri),25.50583333,79.13972222
Uttar Pradesh,Basti,26.82816,82.77924
Uttar Pradesh,Behat,30.1718,77.6139
Uttar Pradesh,Bela,25.92058,81.99629
Uttar Pradesh,Belthara,26.12694444,83.89138889
Uttar Pradesh,Beniganj,27.29293,80.44364
Uttar Pradesh,Beswan,27.63792,77.88019
Uttar Pradesh,Bewar,27.21869,79.29761
Uttar Pradesh,Bhadarsa,26.66027778,82.12416667
Uttar Pradesh,Bhadohi,25.39526,82.5703
Uttar Pradesh,Bhagwantnagar,26.22383,80.7575
Uttar Pradesh,Bharatpura,25.23333333,78.96666667
Uttar Pradesh,Bhargain,27.615,79.14416667
Uttar Pradesh,Bharthana,26.75231,79.2218
Uttar Pradesh,Bharwari,25.56078,81.49164
Uttar Pradesh,Bhaupur,26.91666667,79.21666667
Uttar Pradesh,Bhimtal,29.34444444,79.56305556
Uttar Pradesh,Bhinga,27.70283,81.9343
Uttar Pradesh,Bhognipur,26.24,79.8
Uttar Pradesh,Bhongaon,27.25515,79.18118
Uttar Pradesh,Bidhnu,26.33333333,80.28333333
Uttar Pradesh,Bidhuna,26.80172,79.50829
Uttar Pradesh,Bighapur,26.35,80.68
Uttar Pradesh,Bighapur Khurd,26.34734,80.65698
Uttar Pradesh,Bijnor,29.41667,78.51667
Uttar Pradesh,Bikapur,26.59534,82.13272
Uttar Pradesh,Bilari,28.62146,78.80361
Uttar Pradesh,Bilariaganj,26.19593,83.2269
Uttar Pradesh,Bilaspur,28.88655,79.2703
Uttar Pradesh,Bilgram,27.17509,80.03201
Uttar Pradesh,Bilhaur,26.84345,80.06388
Uttar Pradesh,Bilsanda,28.24341,79.95135
Uttar Pradesh,Bilsi,28.12941,78.9109
Uttar Pradesh,Bilthra,26.12705,83.89148
Uttar Pradesh,Binauli,29.09416667,77.40083333
Uttar Pradesh,Binaur,26.38333333,80.16666667
Uttar Pradesh,Bindki,26.03613,80.57617
Uttar Pradesh,Birdpur,27.3833,83.1167
Uttar Pradesh,Birpur,26.53,86.25
Uttar Pradesh,Bisalpur,28.29253,79.80472
Uttar Pradesh,Bisanda Buzurg,25.41666667,80.61666667
Uttar Pradesh,Bisauli,28.30772,78.93678
Uttar Pradesh,Bisenda Buzurg,25.4035,80.61889
Uttar Pradesh,Bishunpur Urf Maharajganj,26.25914,83.11643
Uttar Pradesh,Biswan,27.49581,80.99618
Uttar Pradesh,Bithur,26.60664,80.27098
Uttar Pradesh,Budaun,28.11667,78.98333
Uttar Pradesh,Budhana,29.28805,77.47534
Uttar Pradesh,Bulandshahr,28.41667,77.83333
Uttar Pradesh,Captainganj,26.9264,83.71334
Uttar Pradesh,Chail,25.42654,81.63198
Uttar Pradesh,Chakia,25.04891,83.22155
Uttar Pradesh,Chandauli,25.25803,83.26825
Uttar Pradesh,Chandauli District,25.26134,83.26408
Uttar Pradesh,Chandausi,28.45,78.77
Uttar Pradesh,Chandpur,29.13489,78.27187
Uttar Pradesh,Chanduasi,28.45178,78.78277
Uttar Pradesh,Charkhari,25.40304,79.74877
Uttar Pradesh,Charthawal,29.54687,77.59438
Uttar Pradesh,Chhaprauli,29.20989,77.17454
Uttar Pradesh,Chharra,27.9247,78.40102
Uttar Pradesh,Chhata,27.72374,77.5081
Uttar Pradesh,Chhibramau,27.14872,79.50078
Uttar Pradesh,Chhitauni,27.11666667,83.98333333
Uttar Pradesh,Chhutmalpur,30.03209,77.75329
Uttar Pradesh,Chillupar,26.28221,83.5064
Uttar Pradesh,Chirgaon,25.57198,78.81432
Uttar Pradesh,Chitrakoot,25.20511,81.08962
Uttar Pradesh,Chitrakoot Dham,25.2,80.9
Uttar Pradesh,Chopan,24.51954,83.02287
Uttar Pradesh,Chunar,25.12776,82.8821
Uttar Pradesh,Churk,24.65,83.1
Uttar Pradesh,Colonelganj,27.13432,81.69868
Uttar Pradesh,Dadri,28.55257,77.55403
Uttar Pradesh,Dalmau,26.06477,81.0298
Uttar Pradesh,Dankaur,28.35121,77.55508
Uttar Pradesh,Daraganj,25.43333333,81.88333333
Uttar Pradesh,Daranagar,25.6816208,81.3497579
Uttar Pradesh,Dasna,28.67736,77.52252
Uttar Pradesh,Dataganj,28.0253,79.40819
Uttar Pradesh,Daurala,29.11344,77.70467
Uttar Pradesh,Dayal Bagh,27.22122,78.01095
Uttar Pradesh,Deoband,29.69505,77.67964
Uttar Pradesh,Deogarh,24.526,78.238
Uttar Pradesh,Deoranian,28.62989,79.47648
Uttar Pradesh,Deoria,26.66667,83.75
Uttar Pradesh,Derapur,26.41666667,79.8
Uttar Pradesh,Dewa,27.03621,81.16692
Uttar Pradesh,Dhampur,29.30883,78.51083
Uttar Pradesh,Dhanaura,28.95912,78.25629
Uttar Pradesh,Dhanghata,26.55419444,83.00806111
Uttar Pradesh,Dharau,26.38333333,79.96666667
Uttar Pradesh,Dhaurahra,27.99814,81.08975
Uttar Pradesh,Dibai,28.20849,78.26173
Uttar Pradesh,Divrasai,26.819,79.149
Uttar Pradesh,Dohrighat,26.27217,83.50916
Uttar Pradesh,Domariaganj,27.22,82.67
Uttar Pradesh,Dostpur,26.27486,82.47091
Uttar Pradesh,Dudhi,24.21357,83.24067
Uttar Pradesh,Etah,27.5,78.75
Uttar Pradesh,Etawah,26.75,79.25
Uttar Pradesh,Etmadpur,27.23971944,78.2
Uttar Pradesh,Faizabad,26.75,82.0
Uttar Pradesh,Farah,27.32081,77.76185
Uttar Pradesh,Faridnagar,28.76923,77.62934
Uttar Pradesh,Faridpur,28.20997,79.54149
Uttar Pradesh,Farrukhabad,27.5,79.5
Uttar Pradesh,Fatehabad,27.02645,78.3027
Uttar Pradesh,Fatehganj West,28.4662,79.30657
Uttar Pradesh,Fatehgarh,27.36409,79.63111
Uttar Pradesh,Fatehpur,25.75,80.75
Uttar Pradesh,Fatehpur (Barabanki),27.17,81.22
Uttar Pradesh,Fatehpur Chaurasi,26.78925,80.26547
Uttar Pradesh,Fatehpur Sikri,27.0937,77.66003
Uttar Pradesh,Firozabad,27.20072,78.42867
Uttar Pradesh,Fyzabad,26.77549,82.15018
Uttar Pradesh,Gahlon,26.53333333,79.96666667
Uttar Pradesh,Gahmar,25.497,83.822
Uttar Pradesh,Gaini,28.21,79.16
Uttar Pradesh,Gajraula,28.8457,78.2396
Uttar Pradesh,Gangoh,29.78004,77.26346
Uttar Pradesh,Ganj Dundawara,27.73277778,78.94166667
Uttar Pradesh,Ganj Dundwara,27.73308,78.94119
Uttar Pradesh,Ganj Muradabad,26.95733,80.184
Uttar Pradesh,Garautha,25.5719,79.29764
Uttar Pradesh,Garhi Pukhta,29.5498,77.30881
Uttar Pradesh,Garhmuktesar,28.78732,78.10214
Uttar Pradesh,Garhwa,24.18,83.82
Uttar Pradesh,Gauriganj,26.206,81.69
Uttar Pradesh,Gautam Buddha Nagar,28.35898,77.55076
Uttar Pradesh,Gawan,28.41969,78.35186
Uttar Pradesh,Ghatampur,26.15272,80.16803
Uttar Pradesh,Ghaziabad,28.66535,77.43915
Uttar Pradesh,Ghazipur,25.58333,83.58526
Uttar Pradesh,Ghiror,27.18912,78.79312
Uttar Pradesh,Ghorawal,24.75459,82.77965
Uttar Pradesh,Ghosi,26.10587,83.5393
Uttar Pradesh,Gohand,25.69871,79.54567
Uttar Pradesh,Gokul,27.43926,77.72019
Uttar Pradesh,Gola Bazar,26.3446,83.35303
Uttar Pradesh,Gola Gokarannath,28.07837,80.47054
Uttar Pradesh,Gonda,27.18581,81.96693
Uttar Pradesh,Gonda (Aligarh),27.8333,77.8833
Uttar Pradesh,Gonda City,27.13181,81.95332
Uttar Pradesh,Gopamau,27.53468,80.28507
Uttar Pradesh,Gorakhpur,26.91667,83.25
Uttar Pradesh,Gosainganj,26.77,81.12
Uttar Pradesh,Goshainganj,26.57115,82.38091
Uttar Pradesh,Govardhan,27.49658,77.46263
Uttar Pradesh,Greater Noida,28.49615,77.53601
Uttar Pradesh,Gulaothi,28.58938,77.79318
Uttar Pradesh,Gunnaur,28.23995,78.43994
Uttar Pradesh,Gursahaiganj,27.11518,79.73174
Uttar Pradesh,Gursarai,25.61677,79.18053
Uttar Pradesh,Gyanpur,25.33268,82.46637
Uttar Pradesh,Haldaur,29.28988,78.28437
Uttar Pradesh,Hamirpur,25.75,80.0
Uttar Pradesh,Handia,25.36379,82.18655
Uttar Pradesh,Hapur,28.72985,77.78068
Uttar Pradesh,Haraipur,26.9,79.7
Uttar Pradesh,Haraiya,26.79477,82.46436
Uttar Pradesh,Harchandpur,26.36,81.17
Uttar Pradesh,Hardoi,27.41667,80.25
Uttar Pradesh,Harduaganj,27.94361,78.15789
Uttar Pradesh,Hasanpur,28.72249,78.28436
Uttar Pradesh,Hastinapur,29.16042,78.00762
Uttar Pradesh,Hata,26.7412,83.74526
Uttar Pradesh,Hata (India),26.75,83.74
Uttar Pradesh,Hathras,27.59551,78.05201
Uttar Pradesh,Hulas,29.69027778,77.36027778
Uttar Pradesh,Ibrahimpur,26.01027778,83.16861111
Uttar Pradesh,Iglas,27.711,77.93967
Uttar Pradesh,Ikauna,27.53097,81.96917
Uttar Pradesh,Indergarh,26.93521,79.6712
Uttar Pradesh,Indragarh,29.91299444,74.32284167
Uttar Pradesh,Islamnagar,28.32896,78.72524
Uttar Pradesh,Islamnagar (Badaun),28.33,78.72
Uttar Pradesh,Itaunja,27.08347,80.89672
Uttar Pradesh,Itimadpur,27.23541,78.19829
Uttar Pradesh,Jagdishpur,26.74967,80.5451
Uttar Pradesh,Jagnair,26.8636,77.60231
Uttar Pradesh,Jahanabad,28.63025,79.71818
Uttar Pradesh,Jahanabad (Pilibhit),28.6333,79.8
Uttar Pradesh,Jahangirabad,28.40549,78.10588
Uttar Pradesh,Jahangirpur,28.17919,77.70501
Uttar Pradesh,Jainpur,26.15389,83.33505
Uttar Pradesh,Jais,26.2649,81.54855
Uttar Pradesh,Jalalabad,29.61853,77.43908
Uttar Pradesh,Jalali,27.8668,78.25267
Uttar Pradesh,Jalalpur,26.31162,82.73859
Uttar Pradesh,Jalaun,26.0,79.5
Uttar Pradesh,Jalesar,27.47315,78.3031
Uttar Pradesh,Janghai,25.55,82.31666667
Uttar Pradesh,Jansath,29.32502,77.85044
Uttar Pradesh,Jarwa,27.65,82.51666667
Uttar Pradesh,Jarwal,27.1629,81.54179
Uttar Pradesh,Jasrana,27.23587,78.65244
Uttar Pradesh,Jaswantnagar,26.88271,78.90256
Uttar Pradesh,Jaunpur,25.75,82.75
Uttar Pradesh,Jewar,28.122,77.55734
Uttar Pradesh,Jhajhar,27.86,75.28
Uttar Pradesh,Jhalu,29.33609,78.22608
Uttar Pradesh,Jhansi,25.5,78.5
Uttar Pradesh,Jhinjhak,26.56093,79.73423
Uttar Pradesh,Jhinjhana,29.52118,77.2247
Uttar Pradesh,Jhusi,25.43745,81.9055
Uttar Pradesh,Jiyanpur,26.15,83.33
Uttar Pradesh,Jyotiba Phule Nagar,28.7716,78.33871
Uttar Pradesh,Kabrai,25.40281,79.9997
Uttar Pradesh,Kachhwa,25.20615,82.71442
Uttar Pradesh,Kadaura,25.98537,79.83842
Uttar Pradesh,Kadipur,26.16779,82.37028
Uttar Pradesh,Kagarol,27.01666667,77.85
Uttar Pradesh,Kaimganj,27.55441,79.33525
Uttar Pradesh,Kairana,29.39541,77.2054
Uttar Pradesh,Kakori,26.868,80.7857
Uttar Pradesh,Kakrala,27.89269,79.1945
Uttar Pradesh,Kalinagar,28.62019,80.08152
Uttar Pradesh,Kalpi,26.11667,79.73333
Uttar Pradesh,Kalyanpur,26.51912222,80.24980556
Uttar Pradesh,Kamalganj,27.26181,79.63134
Uttar Pradesh,Kampil,27.61268,79.27687
Uttar Pradesh,Kandhla,29.32104,77.27101
Uttar Pradesh,Kannauj,27.0177,79.67846
Uttar Pradesh,Kanpur,26.46523,80.34975
Uttar Pradesh,Kanpur Dehat,26.41506,79.98957
Uttar Pradesh,Kant,27.81049,79.79185
Uttar Pradesh,Kanth,29.05939,78.62951
Uttar Pradesh,Kaptanganj,26.93,83.72
Uttar Pradesh,Kara,25.7,81.35
Uttar Pradesh,Karari,25.45241,81.42675
Uttar Pradesh,Karbigwan,26.2,80.5
Uttar Pradesh,Karchana,25.28,81.93
Uttar Pradesh,Karhal,27.00089,78.93935
Uttar Pradesh,Kasganj,27.80882,78.64579
Uttar Pradesh,Katra,27.50871,82.02636
Uttar Pradesh,Kausani,29.84305556,79.60333333
Uttar Pradesh,Kaushambi District,25.53074,81.37729
Uttar Pradesh,Kemri,28.80673,79.2048
Uttar Pradesh,Khada,27.18333,83.88333
Uttar Pradesh,Khaga,25.77215,81.10393
Uttar Pradesh,Khailar,25.35,78.53
Uttar Pradesh,Khair,27.94195,77.84243
Uttar Pradesh,Khairabad,27.52698,80.75461
Uttar Pradesh,Khalilabad,26.77268,83.07179
Uttar Pradesh,Khanpur,28.53446,78.06546
Uttar Pradesh,Kharela,25.54277,79.81235
Uttar Pradesh,Khargupur,27.37611,81.9882
Uttar Pradesh,Kharkhauda,28.83644,77.74159
Uttar Pradesh,Khatauli,29.27844,77.73302
Uttar Pradesh,Khekra,28.86586,77.2841
Uttar Pradesh,Kheri,28.11667,80.71667
Uttar Pradesh,Khudaganj,28.14607,79.71472
Uttar Pradesh,Khurja,28.25382,77.85535
Uttar Pradesh,Khutar,28.20307,80.27046
Uttar Pradesh,Kirakat,25.63745,82.91596
Uttar Pradesh,Kiraoli,27.13768,77.78516
Uttar Pradesh,Kiratpur,29.50671,78.20613
Uttar Pradesh,Kishanpur,25.64232,81.0227
Uttar Pradesh,Kishanpur baral,29.2,77.28333333
Uttar Pradesh,Kishni,27.02487,79.262
Uttar Pradesh,Kithor,28.86684,77.93861
Uttar Pradesh,Konch,25.99451,79.15127
Uttar Pradesh,Kopaganj,26.01923,83.5663
Uttar Pradesh,Kosi,27.79449,77.4368
Uttar Pradesh,Kota,24.44643,83.13063
Uttar Pradesh,Kotra,25.8077,79.30909
Uttar Pradesh,Kuchesar,28.68333333,77.95
Uttar Pradesh,Kudarkot,26.81666667,79.4
Uttar Pradesh,Kulpahar,25.32007,79.63931
Uttar Pradesh,Kunda,25.71702,81.51396
Uttar Pradesh,Kundarkhi,28.68304,78.78559
Uttar Pradesh,Kundarki,28.683,78.785
Uttar Pradesh,Kurara,25.98046,79.98984
Uttar Pradesh,"Kurebhar,saidkhanpur",26.43333333,82.11666667
Uttar Pradesh,Kushinagar,26.74028,83.88889
Uttar Pradesh,Kusmara,27.11666667,79.28333333
Uttar Pradesh,Kuthaund,26.36666667,79.41666667
Uttar Pradesh,Laharpur,27.70827,80.90256
Uttar Pradesh,Lakhimpur,27.94822,80.77935
Uttar Pradesh,Lakhna,26.64822,79.1477
Uttar Pradesh,Lalganj,25.93182,81.70478
Uttar Pradesh,Lalitpur,24.5,78.5
Uttar Pradesh,Lambhua,26.15,82.21
Uttar Pradesh,Lar,26.20394,83.96906
Uttar Pradesh,Lawar,29.11666667,77.76666667
Uttar Pradesh,Lawar Khas,29.11091,77.77767
Uttar Pradesh,Loni,28.75143,77.29023
Uttar Pradesh,Lucknow,26.83928,80.92313
Uttar Pradesh,Lucknow District,26.75,81.0
Uttar Pradesh,Machhali Shahar,25.68,82.42
Uttar Pradesh,Machhlishahr,25.68564,82.41106
Uttar Pradesh,Madhoganj,27.11807,80.14058
Uttar Pradesh,Madhogarh,26.27522,79.1859
Uttar Pradesh,Maghar,26.75586,83.12773
Uttar Pradesh,Mahaban,27.43262,77.74338
Uttar Pradesh,Maharajganj,27.16945,83.50667
Uttar Pradesh,Mahmudabad,27.29191,81.11775
Uttar Pradesh,Mahoba,25.2921,79.87242
Uttar Pradesh,Maholi,27.66368,80.47371
Uttar Pradesh,Mahrajganj,26.26666667,83.11666667
Uttar Pradesh,Mahrajganj (Raebareli),26.38333333,81.28333333
Uttar Pradesh,Mahroni,24.58624,78.72771
Uttar Pradesh,Mahul,26.13333333,82.81666667
Uttar Pradesh,Mailani,28.29088,80.3438
Uttar Pradesh,Mainpuri,27.16667,79.0
Uttar Pradesh,Majhupur,27.03333333,79.41666667
Uttar Pradesh,Makanpur,26.90222222,79.97805556
Uttar Pradesh,Malasa,26.26755,79.94489
Uttar Pradesh,Malihabad,26.92223,80.71078
Uttar Pradesh,Mandawar,29.48655,78.12732
Uttar Pradesh,Maniar,25.98546,84.17233
Uttar Pradesh,Manikpur,25.06083,81.09961
Uttar Pradesh,Manjhanpur,25.53046,81.37566
Uttar Pradesh,Mankapur,27.05189,82.22961
Uttar Pradesh,Marahra,27.7368,78.56891
Uttar Pradesh,Mariahu,25.60404,82.60379
Uttar Pradesh,Mataundh,25.43594,80.15653
Uttar Pradesh,Mathura,27.63333,77.58333
Uttar Pradesh,Mau,26.0294,83.50756
Uttar Pradesh,Mau Aima,25.7,81.91666667
Uttar Pradesh,Mau Aimma,25.69515,81.92336
Uttar Pradesh,Maudaha,25.68312,80.11419
Uttar Pradesh,Mauranwan,26.42876,80.88008
Uttar Pradesh,Maurawan,26.43,80.88
Uttar Pradesh,Mawana,29.10288,77.92199
Uttar Pradesh,Mawar,26.30416667,79.92111111
Uttar Pradesh,Meerut,28.91667,77.68333
Uttar Pradesh,Mehdawal,26.98333333,83.11666667
Uttar Pradesh,Mehnagar,25.87889,83.11611
Uttar Pradesh,Mehndawal,26.97579,83.10995
Uttar Pradesh,Milak,28.61031,79.16997
Uttar Pradesh,Milkipur,26.6,81.91
Uttar Pradesh,Miranpur,29.29026,77.94939
Uttar Pradesh,Miranpur Katra,28.02963,79.66778
Uttar Pradesh,Mirganj,28.54012,79.20817
Uttar Pradesh,Mirzapur,25.1449,82.56534
Uttar Pradesh,Misrikh,27.43137,80.53157
Uttar Pradesh,Mohan,26.78008,80.67497
Uttar Pradesh,Mohanpur,28.25261,80.24498
Uttar Pradesh,Moradabad,28.8525,78.79703
Uttar Pradesh,Moth,25.72595,78.95029
Uttar Pradesh,Mubarakpur,26.08866,83.29088
Uttar Pradesh,Mughal Sarai,25.28307,83.11968
Uttar Pradesh,Muhammadabad,25.61907,83.75576
Uttar Pradesh,Mukteshwar,29.4722,79.6479
Uttar Pradesh,Mungra Badshahpur,25.65,82.18
Uttar Pradesh,Munsyari,30.06741389,80.23856111
Uttar Pradesh,Muradabad,28.83888889,78.77694444
Uttar Pradesh,Muradnagar,28.78069,77.49865
Uttar Pradesh,Mursan,27.57788,77.94091
Uttar Pradesh,Musafir-Khana,26.37837,81.79607
Uttar Pradesh,Musafirkhana,26.45,81.8
Uttar Pradesh,Muzaffarnagar,29.45,77.58333
Uttar Pradesh,Nadigaon,26.10784,79.02283
Uttar Pradesh,Nagina,29.44433,78.43646
Uttar Pradesh,Nagla,29.01,79.51
Uttar Pradesh,Nagram,26.61872,81.14043
Uttar Pradesh,Najibabad,29.61194,78.34274
Uttar Pradesh,Nakur,29.91964,77.30438
Uttar Pradesh,Nanauta,29.71215,77.41728
Uttar Pradesh,Nandgaon,27.71102,77.38653
Uttar Pradesh,Nanpara,27.86459,81.50036
Uttar Pradesh,Narauli,28.48547,78.71484
Uttar Pradesh,Naraura,28.20147,78.38723
Uttar Pradesh,Narora,28.19666667,78.38138889
Uttar Pradesh,Naugama,27.7,79.65
Uttar Pradesh,Naurangpur,27.16666667,79.78333333
Uttar Pradesh,Nautanwa,27.42752,83.41789
Uttar Pradesh,Nawabganj,26.93129,81.19841
Uttar Pradesh,Nawabganj (Barabanki),26.94,81.19
Uttar Pradesh,Nawabganj (Bareilly),28.54,79.633
Uttar Pradesh,Newara,27.76666667,79.28333333
Uttar Pradesh,Nichlaul,27.31247,83.7253
Uttar Pradesh,Nigoh,26.75,79.15
Uttar Pradesh,Nihtaur,29.32416,78.38724
Uttar Pradesh,Niwari,28.87611,77.5382
Uttar Pradesh,Nizamabad,26.05295,83.05787
Uttar Pradesh,Noida,28.58,77.33
Uttar Pradesh,Nurpur,29.14956,78.4084
Uttar Pradesh,Obra,24.41863,82.98797
Uttar Pradesh,Orai,25.99023,79.45334
Uttar Pradesh,Oran,25.36882,80.7423
Uttar Pradesh,Pachperwa,27.51234,82.64297
Uttar Pradesh,Padrauna,26.90403,83.98087
Uttar Pradesh,Pahasu,28.1722,78.06376
Uttar Pradesh,Paigaon,27.78333333,77.53333333
Uttar Pradesh,Pali,24.49188,78.41617
Uttar Pradesh,Palia Kalan,28.43205,80.58137
Uttar Pradesh,Paras Rampur,31.32388889,75.67472222
Uttar Pradesh,Parichha,25.50789,78.75954
Uttar Pradesh,Parichhatgarh,28.97841,77.93422
Uttar Pradesh,Parshadepur,26.07354,81.49207
Uttar Pradesh,Pathakpura,26.84441,78.74037
Uttar Pradesh,Patiali,27.69086,78.99823
Uttar Pradesh,Patti,25.9215,82.20048
Uttar Pradesh,Pawayan,28.06626,80.10305
Uttar Pradesh,Payagpur,27.4,81.8
Uttar Pradesh,Phalauda,29.18824,77.82996
Uttar Pradesh,Phaphamau,25.53333333,81.86666667
Uttar Pradesh,Phaphund,26.59888,79.46437
Uttar Pradesh,Phariha,27.32166,78.47267
Uttar Pradesh,Pheona,29.08333333,78.35
Uttar Pradesh,Phulpur,25.54895,82.0895
Uttar Pradesh,Pichhaura,26.33333333,79.31666667
Uttar Pradesh,Pihani,27.61987,80.20343
Uttar Pradesh,Pilibhit,28.63124,79.80436
Uttar Pradesh,Pilkhua,28.71271,77.656
Uttar Pradesh,Pilkhuwa,28.71196944,77.65445556
Uttar Pradesh,Pinahat,26.88487,78.37647
Uttar Pradesh,Pipraich,26.82745,83.52632
Uttar Pradesh,Pipri,24.18,83.0
Uttar Pradesh,Pratapgarh,25.75,81.75
Uttar Pradesh,Prayagraj (Allahabad),25.42012,81.88385
Uttar Pradesh,Pukhrayan,26.22375,79.83739
Uttar Pradesh,Puranpur,28.51283,80.14829
Uttar Pradesh,Purmafi,29.55,77.26666667
Uttar Pradesh,Purwa,26.45756,80.77403
Uttar Pradesh,Qadirganj,27.78333333,79.06666667
Uttar Pradesh,Rabupura,28.25153,77.60253
Uttar Pradesh,Radha Kund,27.52444444,77.49027778
Uttar Pradesh,Radhakund,27.52432,77.49101
Uttar Pradesh,Raebareli,26.2309,81.23315
Uttar Pradesh,Rajapur,25.38725,81.15125
Uttar Pradesh,Ramkola,26.90172,83.83758
Uttar Pradesh,Ramnagar,25.26907,83.02971
Uttar Pradesh,Rampur,28.81014,79.02699
Uttar Pradesh,Rampura,26.34967,79.18234
Uttar Pradesh,Ranipur,25.25034,79.06204
Uttar Pradesh,Ranipur Barsi,29.9,77.21666667
Uttar Pradesh,Rasra,25.8576,83.85487
Uttar Pradesh,Rasulabad,26.74491,80.49012
Uttar Pradesh,Rath,25.59474,79.5666
Uttar Pradesh,Raya,27.55607,77.78972
Uttar Pradesh,Rehar,29.36666667,78.76666667
Uttar Pradesh,Renukoot,24.2,83.03
Uttar Pradesh,Renukut,24.21641,83.0358
Uttar Pradesh,Reoti,25.85091,84.3778
Uttar Pradesh,Reotipur,25.55,83.71666667
Uttar Pradesh,Richha,28.69467,79.52284
Uttar Pradesh,Robertsganj,24.6886,83.06784
Uttar Pradesh,Rudarpur,26.44467,83.61302
Uttar Pradesh,Rudauli,26.75,81.75
Uttar Pradesh,Rura,26.49001,79.90108
Uttar Pradesh,Sabalpur,27.176049,79.42012
Uttar Pradesh,Sachendi,26.371165,80.1123
Uttar Pradesh,Sadabad,27.43818,78.03758
Uttar Pradesh,Sadat,25.67117,83.30269
Uttar Pradesh,Safipur,26.73783,80.3435
Uttar Pradesh,Saharanpur,29.9,77.68333
Uttar Pradesh,Sahaspur,29.12125,78.62273
Uttar Pradesh,Sahaswan,28.07227,78.75082
Uttar Pradesh,Sahawar,27.79603,78.83373
Uttar Pradesh,Sahibabad,28.68333333,77.4
Uttar Pradesh,Sahpau,27.43527778,78.14138889
Uttar Pradesh,Saidpur,25.53749,83.22378
Uttar Pradesh,Sakhanu,27.95472222,79.2275
Uttar Pradesh,Sakit,27.43463,78.77903
Uttar Pradesh,Salempur,26.3,83.91666667
Uttar Pradesh,Salon,26.02857,81.45403
Uttar Pradesh,Sambhal,28.58498,78.56959
Uttar Pradesh,Samthar,25.84348,78.90683
Uttar Pradesh,Sandi,27.28867,79.9519
Uttar Pradesh,Sandila,27.06989,80.51497
Uttar Pradesh,Sant Kabir Nagar,26.79016,83.03481
Uttar Pradesh,Sant Ravi Das Nagar,25.35792,82.4308
Uttar Pradesh,Sarai Akil,25.3789,81.51035
Uttar Pradesh,Sarai Ekdil,26.74442,79.09353
Uttar Pradesh,Sarai Mir,26.02705,82.91843
Uttar Pradesh,Sarauli,28.49404,79.09177
Uttar Pradesh,Sardhana,29.14551,77.61433
Uttar Pradesh,Sarila,25.77579,79.67535
Uttar Pradesh,Sarurpur,29.03333333,77.23333333
Uttar Pradesh,Sasni,27.70287,78.08278
Uttar Pradesh,Satrikh,26.86045,81.19567
Uttar Pradesh,Saurikh,27.03051,79.48813
Uttar Pradesh,Sector,28.5708,77.3261
Uttar Pradesh,Seohara,29.20904,78.58837
Uttar Pradesh,Shahabad,27.6431,79.9402
Uttar Pradesh,Shahganj,26.04965,82.68423
Uttar Pradesh,Shahi,28.55023,79.31761
Uttar Pradesh,Shahjahanpur,28.0,79.83333
Uttar Pradesh,Shahpur,29.3501,77.5516
Uttar Pradesh,Shamli,29.4497,77.30959
Uttar Pradesh,Shamsabad,27.01718,78.12358
Uttar Pradesh,Shankargarh,25.182,81.61769
Uttar Pradesh,Shergarh,28.65128,79.36815
Uttar Pradesh,Sherkot,29.32704,78.57429
Uttar Pradesh,Shibnagar,28.5,79.98333333
Uttar Pradesh,Shikarpur,28.28072,78.01411
Uttar Pradesh,Shikarpur (Bulandshahr),28.28,78.02
Uttar Pradesh,Shikohabad,27.108,78.58661
Uttar Pradesh,Shishgarh,28.72928,79.31469
Uttar Pradesh,Shivrajpur,26.85722222,79.115
Uttar Pradesh,Shrawasti,27.50746,82.0047
Uttar Pradesh,Siddharthnagar,27.25797,83.01465
Uttar Pradesh,Siddhaur,26.76944444,81.41805556
Uttar Pradesh,Sidhauli,27.28202,80.8345
Uttar Pradesh,Sidhpura,27.63312,78.86918
Uttar Pradesh,Sikandarabad,28.45226,77.70004
Uttar Pradesh,Sikandarpur,26.04327,84.05298
Uttar Pradesh,Sikandra,26.36722,79.6298
Uttar Pradesh,Sikandra Rao,27.68859,78.37985
Uttar Pradesh,Sikandrabad,28.449525,77.69415278
Uttar Pradesh,Sirathu,25.64292,81.31855
Uttar Pradesh,Sirsa,25.2634,82.0919
Uttar Pradesh,Sirsaganj,27.05715,78.68661
Uttar Pradesh,Sirsi,28.63916,78.64303
Uttar Pradesh,Sisauli,29.41386,77.4689
Uttar Pradesh,Siswa Bazar,27.14652,83.75803
Uttar Pradesh,Sitapur,27.5,80.91667
Uttar Pradesh,Sonbhadra,24.40212,83.05352
Uttar Pradesh,Soron,27.89055,78.74621
Uttar Pradesh,Suar,29.02841,79.05654
Uttar Pradesh,Sultanpur,26.25,82.0
Uttar Pradesh,Surianwan,25.46387,82.41922
Uttar Pradesh,Tajpur,29.16242,78.48458
Uttar Pradesh,Talbahat,25.04357,78.43441
Uttar Pradesh,Talgram,27.04753,79.64811
Uttar Pradesh,Tanda,28.97621,78.94187
Uttar Pradesh,Terha,25.8333,80.25
Uttar Pradesh,Thakurdwara,29.19203,78.86145
Uttar Pradesh,Thana Bhawan,29.58605,77.41811
Uttar Pradesh,Tigri,28.51083333,77.23888889
Uttar Pradesh,Tikaitnagar,26.94612,81.56583
Uttar Pradesh,Tikri,29.2291,77.35479
Uttar Pradesh,Tilhar,27.96282,79.73827
Uttar Pradesh,Tilsahri,26.3333,80.4167
Uttar Pradesh,Tindwari,25.61739,80.52718
Uttar Pradesh,Titron,29.66824,77.32391
Uttar Pradesh,Tori Fatehpur,25.45,79.1333
Uttar Pradesh,Tori-Fatehpur,25.45505,79.11428
Uttar Pradesh,Tulsipur,27.5337,82.41653
Uttar Pradesh,Tundla,27.2146,78.23683
Uttar Pradesh,Ugu,26.79681,80.32093
Uttar Pradesh,Ujhani,28.00311,79.00821
Uttar Pradesh,Umri,26.33333333,79.25
Uttar Pradesh,Un,29.58479,77.2554
Uttar Pradesh,Unnao,26.5,80.5
Uttar Pradesh,Usawan,27.81583333,79.34861111
Uttar Pradesh,Usehat,27.79796,79.23763
Uttar Pradesh,Uska,27.2,83.11666667
Uttar Pradesh,Utraula,27.31933,82.41872
Uttar Pradesh,Varanasi,25.31668,83.01041
Uttar Pradesh,Vindhyachal,25.1667,82.5
Uttar Pradesh,Vrindavan,27.58105,77.69662
Uttar Pradesh,Walterganj,26.8667,82.7167
Uttar Pradesh,Wazirganj,28.21145,79.05665
Uttar Pradesh,Yusufpur,25.6667,83.4667
Uttar Pradesh,Zafarabad,25.69867,82.73354
Uttar Pradesh,Zaidpur,26.83093,81.32929
Uttar Pradesh,Zamania,25.41961,83.55786
Uttarakhand,Almora,29.69223,79.49789
Uttarakhand,Bageshwar,29.97315,79.83224
Uttarakhand,Barkot,30.80861,78.20596
Uttarakhand,Bazpur,29.15299,79.10814
Uttarakhand,Bhim Tal,29.34447,79.56336
Uttarakhand,Bhowali,29.38985,79.50481
Uttarakhand,Birbhaddar,30.0712,78.28189
Uttarakhand,Chakrata,30.70369,77.86386
Uttarakhand,Chamoli,30.5,79.5
Uttarakhand,Champawat,29.28756,80.03737
Uttarakhand,Clement Town,30.26361,78.00862
Uttarakhand,Dehradun,30.33,78.06
Uttarakhand,Devaprayag,30.14603,78.60272
Uttarakhand,Dharchula,29.84707,80.51951
Uttarakhand,Doiwala,30.17667,78.11659
Uttarakhand,Dugadda,29.80673,78.61109
Uttarakhand,Dwarahat,29.77785,79.42731
Uttarakhand,Garhwal,29.96366,78.92853
Uttarakhand,Haldwani,29.22254,79.5286
Uttarakhand,Harbatpur,30.43863,77.74058
Uttarakhand,Haridwar,29.94791,78.16025
Uttarakhand,Jaspur,29.27919,78.82798
Uttarakhand,Joshimath,30.55543,79.56436
Uttarakhand,Kaladhungi,29.28351,79.351
Uttarakhand,Kalagarh Project Colony,29.4778,78.78449
Uttarakhand,Kashipur,29.21399,78.95693
Uttarakhand,Khatima,28.92134,79.97075
Uttarakhand,Kichha,28.91154,79.52009
Uttarakhand,Kotdwara,29.74612,78.52219
Uttarakhand,Laksar,29.7587,78.04148
Uttarakhand,Lansdowne,29.84183,78.68014
Uttarakhand,Lohaghat,29.40356,80.08965
Uttarakhand,Manglaur,29.79094,77.87836
Uttarakhand,Mussoorie,30.45498,78.07068
Uttarakhand,Naini Tal,29.39743,79.44686
Uttarakhand,Narendranagar,30.16173,78.28712
Uttarakhand,Pauri,30.15286,78.7771
Uttarakhand,Pipalkoti,30.42553,79.43066
Uttarakhand,Pithoragarh,30.0,80.25
Uttarakhand,Raipur,30.31097,78.08979
Uttarakhand,Raiwala Bara,30.01864,78.2293
Uttarakhand,Ramnagar,29.3925,79.1283
Uttarakhand,Ranikhet,29.64082,79.43229
Uttarakhand,Rishikesh,30.10778,78.29255
Uttarakhand,Roorkee,29.86632,77.89118
Uttarakhand,Rudraprayag,30.60872,79.06517
Uttarakhand,Sitarganj,28.9293,79.70436
Uttarakhand,Srinagar,30.22243,78.78341
Uttarakhand,Sultanpur,29.75534,78.11034
Uttarakhand,Tanakpur,29.074,80.11139
Uttarakhand,Tehri,30.39086,78.4803
Uttarakhand,Tehri-Garhwal,30.5,78.66667
Uttarakhand,Udham Singh Nagar,29.02746,79.52347
Uttarakhand,Uttarkashi,30.72986,78.44342
Uttarakhand,Vikasnagar,30.46944,77.77275
West Bengal,Ahmedpur,23.83009,87.68661
West Bengal,Aistala,23.18,88.58
West Bengal,Aknapur,18.38576389,77.27225278
West Bengal,Alipurduar,26.49136,89.52796
West Bengal,Amlagora,22.84616,87.33559
West Bengal,Amta,22.57333333,88.01611111
West Bengal,Amtala,22.22,88.17
West Bengal,Andal,23.6,87.2
West Bengal,Arambagh community development block,22.88,87.78
West Bengal,Asansol,23.68333333,86.96666667
West Bengal,Ashoknagar Kalyangarh,22.833,88.633
West Bengal,Badkulla,23.28,88.53
West Bengal,Baduria,22.74,88.79
West Bengal,Bagdogra,26.699804,88.319392
West Bengal,Bagnan,22.47,87.97
West Bengal,Bagula,23.335,88.644
West Bengal,Bahula,23.657419,87.195974
West Bengal,Baidyabati,22.79,88.32
West Bengal,Bakreswar,23.8832,87.37265
West Bengal,Balarampur,23.09714,86.22292
West Bengal,Bali Chak,22.36482,87.55304
West Bengal,Bally,22.65,88.34
West Bengal,Balurghat,25.21666667,88.76666667
West Bengal,Bamangola community development block,25.17,88.335
West Bengal,Baneswar,26.65,89.81666667
West Bengal,Bangaon,23.07,88.82
West Bengal,Bankra,22.63,88.3
West Bengal,Bankura,23.25,87.06666667
West Bengal,Bansberia,22.97,88.4
West Bengal,Bansihari community development block,25.4,88.4167
West Bengal,Barabazar,23.36,86.65
West Bengal,Baranagar,22.64,88.37
West Bengal,Barasat,22.23333333,88.45
West Bengal,Bardhaman,23.25,87.85
West Bengal,Barjora,23.43333333,87.28333333
West Bengal,Barrackpore,22.75,88.36666667
West Bengal,Baruipur,22.35,88.44
West Bengal,Basanti,22.1891534,88.6705685
West Bengal,Basirhat,22.65722222,88.89416667
West Bengal,Bawali,22.42563,88.19336
West Bengal,Begampur,22.74,88.24
West Bengal,Belda,22.08,87.35
West Bengal,Beldanga,23.93,88.25
West Bengal,Beliatore,23.33333333,87.21666667
West Bengal,Berhampore,24.1,88.25
West Bengal,Bhadreswar,22.82,88.35
West Bengal,Bhandardaha,22.62,88.21
West Bengal,Bhatpara,22.86666667,88.41666667
West Bengal,Birbhum district,24.0,87.58333
West Bengal,Birpara,26.5,89.5
West Bengal,Bishnupur,22.38,88.27
West Bengal,Bolpur,23.67,87.72
West Bengal,Budge Budge,22.47,88.17
West Bengal,Canning,22.32,88.67
West Bengal,Chakapara,22.63,88.35
West Bengal,Chakdaha,23.08,88.52
West Bengal,Champadanga,22.83,87.96
West Bengal,Champahati,22.40026,88.49209
West Bengal,Champdani,22.8,88.37
West Bengal,Chandannagar,22.86666667,88.38333333
West Bengal,Chandrakona,22.73,87.52
West Bengal,Chittaranjan,23.87,86.87
West Bengal,Churulia,23.78,87.08
West Bengal,Contai,21.78,87.75
West Bengal,Cooch Behar,26.31666667,89.43333333
West Bengal,Cossimbazar,24.12,88.28
West Bengal,Dakshin Dinajpur district,25.22,88.76
West Bengal,Dalkola,25.87577,87.84009
West Bengal,Dam Dam,22.63333333,88.42277778
West Bengal,Darjeeling,27.04166667,88.26305556
West Bengal,Daulatpur,25.32605,88.32989
West Bengal,Debagram,23.68333333,88.28333333
West Bengal,Debipur,24.25029,88.61824
West Bengal,Dhaniakhali community development block,22.97,88.1
West Bengal,Dhulagari,22.58222222,88.17111111
West Bengal,Dhulian,24.68,87.97
West Bengal,Dhupguri,26.6,89.02
West Bengal,Diamond Harbour,22.2,88.2
West Bengal,Digha,21.68,87.55
West Bengal,Dinhata,26.13,89.47
West Bengal,Domjur,22.64,88.22
West Bengal,Dubrajpur,23.8,87.38
West Bengal,Durgapur,23.55,87.32
West Bengal,Egra,21.9,87.53
West Bengal,Falakata,26.53,89.2
West Bengal,Farakka,24.81667,87.9
West Bengal,Fort Gloster,22.50444444,88.18333333
West Bengal,Gaighata community development block,22.93,88.73
West Bengal,Gairkata,26.68,89.03
West Bengal,Gangadharpur,22.7604,88.2218
West Bengal,Gangarampur,25.4,88.52
West Bengal,Garui,22.63333333,88.4
West Bengal,Garulia,22.82,88.37
West Bengal,Ghatal,22.67,87.72
West Bengal,Giria,24.51666667,88.06666667
West Bengal,Gobardanga,22.87,88.76
West Bengal,Gobindapur,22.59306,88.09139
West Bengal,Gopalpur,22.61845,88.75119
West Bengal,Gopinathpur,23.22,88.15
West Bengal,Gorubathan,26.97,88.7
West Bengal,Gosaba,22.16,88.8
West Bengal,Gosanimari,26.15,89.36666667
West Bengal,Gurdaha,22.73472222,88.75944444
West Bengal,Guskhara,23.49277778,87.73472222
West Bengal,Habra,22.83,88.63
West Bengal,Haldia,22.06046,88.10975
West Bengal,Haldibari,26.33,88.77
West Bengal,Halisahar,22.95,88.42
West Bengal,Harindanga,22.03333333,88.31666667
West Bengal,Haringhata,22.95,88.57
West Bengal,Haripur,22.93611,88.23194
West Bengal,Hasimara,26.75,89.35
West Bengal,Hindusthan Cables Town,23.82,86.9
West Bengal,Hooghly district,22.91,88.39
West Bengal,Howrah,22.57688,88.31857
West Bengal,Ichapur,22.80499,88.37088
West Bengal,Indpur community development block,23.1667,86.9333
West Bengal,Ingraj Bazar,25.00447,88.14573
West Bengal,Islampur,26.27,88.2
West Bengal,Jafarpur,22.32,88.23
West Bengal,Jaigaon,26.86666667,89.38333333
West Bengal,Jalpaiguri,26.51666667,88.73333333
West Bengal,Jamuria,23.7,87.08
West Bengal,Jangipur,24.47001,88.07659
West Bengal,Jaynagar Majilpur,22.17722222,88.42583333
West Bengal,Jejur,22.88,88.12
West Bengal,Jhalida,23.36541,85.97581
West Bengal,Jhargram,22.45,86.98
West Bengal,Jhilimili,22.8167,86.6167
West Bengal,Kakdwip,21.8833,88.1833
West Bengal,Kalaikunda,22.33916667,87.22638889
West Bengal,Kaliaganj,25.63,88.32
West Bengal,Kalimpong,27.07059,88.47529
West Bengal,Kalna,23.22,88.37
West Bengal,Kalyani,22.975,88.43444444
West Bengal,Kamarhati,22.67,88.37
West Bengal,Kamarpukur,22.91,87.65
West Bengal,Kanchrapara,22.97,88.43
West Bengal,Kandi,23.95,88.03
West Bengal,Karimpur,23.96666667,88.61666667
West Bengal,Katwa,23.65,88.13
West Bengal,Kenda,23.2,86.53
West Bengal,Keshabpur,22.97,88.26
West Bengal,Kharagpur,22.330239,87.323653
West Bengal,Kharar,22.7,87.68
West Bengal,Kharba,25.42,88.07
West Bengal,Khardaha,22.72,88.38
West Bengal,Khatra,22.98,86.85
West Bengal,Kirnahar,23.75,87.87
West Bengal,Kolkata,22.54111111,88.33777778
West Bengal,Konnagar,22.7,88.35
West Bengal,Krishnanagar,23.4,88.5
West Bengal,Krishnapur,22.67,88.26
West Bengal,Kshirpai,22.7109664,87.6174038
West Bengal,Kulpi,22.08,88.24
West Bengal,Kultali,21.9,88.4
West Bengal,Kulti,23.73,86.85
West Bengal,Kurseong,26.88,88.28
West Bengal,Lalgarh,22.58,87.05
West Bengal,Lalgola,24.42,88.25
West Bengal,Loyabad,23.67,86.67
West Bengal,Madanpur,23.02,88.48
West Bengal,Madhyamgram,22.7,88.45
West Bengal,Mahiari,22.59,88.24
West Bengal,Mahishadal community development block,22.183333,87.983333
West Bengal,Mainaguri,26.57,88.82
West Bengal,Manikpara,22.36666667,87.11666667
West Bengal,Masila,22.58083,88.23278
West Bengal,Mathabhanga,26.34197,89.21555
West Bengal,Matiali community development block,26.927159,88.8133049
West Bengal,Matigara community development block,26.716667,88.383333
West Bengal,Medinipur,22.43333333,87.33333333
West Bengal,Mejia community development block,23.57,87.1
West Bengal,Memari,23.2,88.12
West Bengal,Mirik,26.887,88.187
West Bengal,Mohanpur community development block,21.83856,87.43145
West Bengal,Monoharpur,22.68,88.3
West Bengal,Muragacha,23.53631,88.39425
West Bengal,Muri,23.37,85.86
West Bengal,Murshidabad,24.18,88.27
West Bengal,Nabadwip,23.40722222,88.37777778
West Bengal,Nabagram,22.29,88.51
West Bengal,Nadia district,23.4,88.5
West Bengal,Nagarukhra,22.94099,88.63701
West Bengal,Nagrakata,26.9,88.9667
West Bengal,Naihati,22.9,88.42
West Bengal,Naksalbari,26.68333333,88.21666667
West Bengal,Nalhati,24.3,87.82
West Bengal,Nalpur,22.53,88.19
West Bengal,Namkhana community development block,21.7,88.14
West Bengal,Nandigram,22.01,87.99
West Bengal,Nangi,22.50833333,88.21527778
West Bengal,Nayagram community development block,22.0319,87.1781
West Bengal,North 24 Parganas district,22.13,88.5
West Bengal,Odlabari,26.83638889,88.62944444
West Bengal,Paikpara,24.77121,87.92251
West Bengal,Panagarh,23.45,87.43
West Bengal,Panchla,22.54,88.14
West Bengal,Panchmura,22.9667,87.1667
West Bengal,Pandua,23.08,88.28
West Bengal,Panihati,22.69,88.37
West Bengal,Panskura,22.42,87.7
West Bengal,Parbatipur,22.6625,88.22222
West Bengal,Paschim Medinipur district,22.43333333,87.33333333
West Bengal,Patiram,25.31666667,88.75
West Bengal,Patrasaer,23.19697,87.53319
West Bengal,Patuli,23.55,88.25
West Bengal,Pujali,22.47,88.15
West Bengal,Puncha community development block,23.123,86.653
West Bengal,Purba Medinipur district,22.3,87.91666667
West Bengal,Purulia,23.33333333,86.36666667
West Bengal,Raghudebbati,22.53,88.2
West Bengal,Raghunathpur,23.55,86.67
West Bengal,Raiganj,25.61666667,88.11666667
West Bengal,Rajmahal,25.05,87.84
West Bengal,Rajnagar community development block,23.9472,87.3625
West Bengal,Ramchandrapur,22.9,88.48
West Bengal,Ramjibanpur,22.83,87.62
West Bengal,Ramnagar,22.77778,88.24639
West Bengal,Rampur Hat,24.17737,87.78275
West Bengal,Ranaghat,23.18,88.58
West Bengal,Raniganj,23.62,87.13
West Bengal,Raypur,22.41083,88.50944
West Bengal,Rishra,22.71,88.35
West Bengal,Sahapur,22.52,88.17
West Bengal,Sainthia,23.95,87.67
West Bengal,Salanpur community development block,23.76702,86.87492
West Bengal,Sankarpur,23.6,87.2
West Bengal,Sankrail,22.57,88.24
West Bengal,Santipur,23.25,88.43
West Bengal,Santoshpur,22.5,88.17
West Bengal,Santuri community development block,23.5272,86.85709
West Bengal,Sarenga,22.54,88.21
West Bengal,Serampore,22.75,88.34
West Bengal,Serpur,24.13,88.0
West Bengal,"Shyamnagar, West Bengal",22.83,88.37
West Bengal,Siliguri,26.71004,88.42851
West Bengal,Singur,22.81,88.23
West Bengal,Sodpur,22.70416667,88.39166667
West Bengal,Solap,22.12777778,88.15861111
West Bengal,Sonada,27.0,88.14
West Bengal,Sonamukhi,23.3,87.42
West Bengal,Sonarpur community development block,22.44259,88.43044
West Bengal,South 24 Parganas district,22.16197,88.4317
West Bengal,Srikhanda,23.6,88.0833
West Bengal,Srirampur,23.35,88.12
West Bengal,Suri,23.91666667,87.53333333
West Bengal,Swarupnagar community development block,22.8333,88.8667
West Bengal,Takdah,27.0333,88.3667
West Bengal,Taki,22.59,88.92
West Bengal,Tamluk,22.3,87.91666667
West Bengal,Tarakeswar,22.89,88.02
West Bengal,Titagarh,22.74,88.37
West Bengal,Tufanganj,26.32,89.67
West Bengal,Tulin,23.37,85.9
West Bengal,Uchalan,23.0333,87.7833
West Bengal,Ula,22.7225,88.55556
West Bengal,Uluberia,22.47,88.11
West Bengal,Uttar Dinajpur district,25.62,88.12
West Bengal,Uttarpara Kotrung,22.67,88.35
